FSC-A,FSC-H,SSC-A,SSC-B-A,SSC-B-H,SSC-H,Comp-AF594-A,Comp-Alexa Fluor 647-A,Comp-Dylight 680-A,Comp-PE-Cy7-A,Comp-PerCP-eFluor 710-A,Comp-eFluor 450-A
802299,502474,365547,2802030,1858220,238058,18705.3,1546.8,6913.7,124740,6410.98,16925.8
670422,345240,387159,2282790,1176440,198455,13121,8504.52,9878.68,71908.2,19285.2,22229.6
904495,463681,607342,4037100,2248780,338209,25788.2,1720.48,10330.6,91765.9,13372.3,87800.7
1250140,495020,657329,4194300,1776450,205210,17356,6338.44,122908,104238,18930.9,82684.1
337462,196093,223423,1416750,708958,115540,10172.5,926.834,48024.4,58682.8,6825.1,36640.2
583067,365789,317204,1874240,1203180,201249,7367.2,3374.28,30146.3,166509,9605.18,51642.3
804851,433370,497147,2911640,1778660,302747,8514.29,3566.41,19755.1,208214,8973.93,79064.6
626828,367202,428666,3204560,1867670,250333,21466.6,3495.03,51625,125370,8523.89,60419.9
463945,284342,267719,1413220,891532,173581,6630.83,2586.72,39940.5,29322.4,7948.26,56598.7
772676,314030,546648,3406620,1265360,209090,13322.4,3027.72,149682,67712.6,6954.96,79107.4
592274,382153,265892,1522300,1102710,196906,15230.3,873.553,48563.1,45870.5,10748.5,64136.5
970113,561795,630501,4194300,2507970,375871,15503.8,1329.69,6568.53,168046,7695.05,66940.8
543259,326653,318533,2172860,1474110,221277,8799.29,3637.58,8513.16,50021.3,17080.1,43374.8
338024,163907,341490,2175340,1429160,215414,5916.59,3672.38,197057,89303.4,24691.8,45863.3
1006820,560999,333003,2338400,1295020,194010,11008.6,4096.31,24964.9,35449,12016.5,20091.4
899793,415504,469813,2796310,1286220,222820,10577.3,5975.29,20097.8,42712.1,12161.3,25938
709097,284889,322364,1953850,691115,114077,10979.9,1756.18,10421.3,55273.1,6765.84,19845.2
523063,336906,356690,2009510,1419120,251901,5478.21,2874.33,270546,178301,10074.9,75193.1
576944,357142,383488,2180220,1529100,275754,14588.1,2391.75,73998.9,192270,6842.52,60055.2
505288,306842,409904,2436100,1581400,267105,13830.9,2692.6,233433,118180,6866.82,89960.9
675663,389113,262546,1648900,842469,142622,15830.3,3799.42,116969,183649,9705.09,74081.6
730849,340217,336942,2134950,1111100,182541,11652.6,991.584,9400.7,76587.1,6584.17,41846.8
563200,341808,229567,1254950,842318,151806,11363.9,4089.3,132163,86115.6,9909.23,60834.4
624137,381258,288838,1765070,1174770,194362,4892.52,963.165,14940.3,58193.4,10764.3,64808.6
882685,545676,467996,2915090,1940960,314819,8341.1,2125.48,221308,42250.5,7099.87,80477.3
1565930,814780,658104,4063920,2311990,377156,28063.2,3588.91,7026.52,79855.8,10516.8,48962.6
582402,299253,345129,2103350,1320130,217577,14076.9,3197.33,148146,198238,7346.31,67740.6
543727,305228,333305,2128100,1566280,231327,8017.55,2046.51,32685.6,40298.6,13663.4,55372.1
1370460,610344,631894,3860940,1814940,283672,15635.8,3715.66,19579.2,90337,24304.6,27241.6
680987,434854,312127,1890330,1244900,205380,8200.78,1577.37,10905.9,35172.9,15042.2,29188
630776,324825,292656,1802940,1059440,175039,6758.3,1742,23115.5,21454.1,6835.87,70822
810804,514852,384875,2611930,1583310,230622,8703.54,4593.94,19790.3,78218.8,6425,53321.9
574331,332519,225453,1324780,782282,130596,11000.7,1848.65,447135,64716.3,15316,55786.2
986790,520495,350852,2270970,1490690,225439,11938.6,2212.01,55857.1,71294.2,6776.92,68940
742148,404106,342066,2011550,982321,165099,9845.36,1817.45,8212.57,33642.6,10531.3,56288.5
448766,294034,127222,911878,643035,89946,7352.27,2954.92,104705,16688.1,9570.3,9267.27
685771,431562,418482,2542400,1755690,294587,12397.6,6203.46,502942,400400,8301.82,68695.9
624309,385245,354452,1710720,1088530,229512,11715.5,2485.1,41271.1,126497,9591.98,51242.4
648881,428144,265047,1796050,1209580,177768,9648.58,3160.61,5130.62,59569.4,8493.81,52348.5
983217,566149,273037,1606560,1024360,168844,26380,4484.62,110105,49199.1,14476.2,21450.1
586566,368142,315418,1840430,1152940,192246,15667.8,1786.58,26264,220407,11248.3,76812.4
970911,583283,404048,2536600,1548150,256175,23991.1,1678.34,6195.11,71780.5,8181.89,25792.2
765175,454252,411819,2456920,1673730,277875,14068.1,1903.25,36742.5,295558,9630.82,95467
1134290,443810,469232,2557500,1078950,202141,15983.7,4946.29,8860.15,45521.8,26615.7,30331.8
830137,455454,262192,1664460,881267,137740,8881.29,3239.58,11011.5,53730.5,15266.6,52970
1055470,369132,486920,3393000,1149740,176155,18321.1,3851.82,32265.4,89478.3,11520.5,74047.3
958017,349257,552663,3755660,1583150,244552,18913,8247.24,29278,185864,12517.6,69797.3
497713,291903,302927,1767740,1112700,194111,6554.16,863.185,126496,139312,8771.46,34242.4
722802,462827,445367,2989040,2059460,300851,12026.9,2049.56,505520,74821,9001.79,77778.9
546213,350874,376853,2444120,1552260,247060,21136.4,3310.52,63014.4,165452,12697.1,73776.7
386776,246225,184217,1091200,758458,132568,10550.6,1590.98,22348.7,74470.1,9290.26,67540.1
616828,384358,364846,2152240,1572470,263643,8337.94,1288.52,286895,184740,7269.69,49933.7
745977,483133,375974,2254020,1478060,249973,7469.16,2394,174736,277841,7795.72,58028.6
743413,435678,281444,1603850,980549,172385,10662.6,2832.96,46190.3,31941.8,6470.01,70102.8
730823,426551,439588,2936090,1779570,267855,10738.5,3784.58,11699.3,53517.4,12690.2,61553.4
685212,428950,349910,2325310,1473430,218537,10467.6,2279.6,45508.4,49520.2,10952.5,58428.9
702366,435264,322772,1911330,1307380,223646,7335.54,1627.82,56476.7,81175.4,6496.38,44056.3
1013020,598368,561700,3998890,2292450,329564,13073,1593.46,7428.88,56108.7,6799.32,52134.1
475862,299913,184544,1089540,666977,114067,16195.2,2531.1,10432,35178.6,8320.14,46117.6
473686,261846,246305,1446640,878290,149615,15712.3,1226.37,13080.9,62978,9221.29,49207.3
1003610,516223,393267,2251200,1017370,186973,10483.4,3774.96,6730.74,71509.2,12811.1,52424
592981,353412,361408,2179810,1371010,215442,4433.01,867.637,153023,130043,6838.69,55143.2
664549,403125,245487,1325970,802957,151857,14513,1429.46,16673,217780,9044.75,79674.7
644202,391722,490152,2890060,1789540,297206,4885.15,1794.55,7569.27,26523.9,6727.46,41733.5
933409,504019,462742,3412100,2205070,305866,12272.2,3081.11,141111,325850,7427.63,39575.7
589724,365286,297147,2065200,1365280,200533,8728.82,2740.33,132977,120497,9808.31,83288.1
639113,404833,395980,2258430,1708370,302966,8748.05,1362.25,18414.3,108278,6906.66,59414.8
1139730,468033,485163,2742590,1157980,203179,11540.6,2495.22,19819.1,199358,12174.2,63136.5
1091740,426557,706489,4116050,1543750,267427,8237.3,7678.94,330114,249404,12958.1,96735.4
877530,440365,307902,1971890,990205,154852,7536.94,1610.79,144903,31676.8,7431.92,53628.8
732133,435642,342132,2109780,1381030,224527,8305.6,2210.15,144987,135076,7842.26,53683
946300,378939,562482,3577920,1347130,205406,8243.4,765.324,36490.1,51315.1,9567.28,60944.5
947116,623518,433170,2393330,1564940,282897,6726.47,1925.78,15063.1,467630,10377.2,90877.1
758877,388399,630147,3598080,1942660,344393,10767.8,7767.86,14152.4,72058.6,25685.1,66860.4
1264220,667092,625895,4030720,2282720,358578,11696,6003.94,15162.4,47674.1,14719.8,29211.5
939667,491701,451966,3038000,1943170,290763,11198,3485.08,8580.11,122616,11081.3,48091.5
666819,441889,330968,2026500,1422210,234458,9632.52,2765.01,22433,47891.5,14091,26560.5
1021920,594764,553646,3427580,2150090,343602,7342.24,3640.29,272898,43253.5,16772.9,66883.7
1123490,766047,637838,4194300,3042100,449038,18381.2,5962.94,7833.4,107041,7444.13,17481.7
907152,573808,366856,2246640,1375070,223997,7771.28,1544.31,13608.9,167375,10613.4,51234.5
1367820,608708,523345,3827170,1727540,237720,17593.6,8358.65,11954.6,82105.7,19598.3,56634.4
1199580,594269,531125,3345980,1725830,274146,10170.8,3696.67,390988,326122,9464.33,91696
494630,315168,290666,1675240,1194390,200748,4094.21,1575.34,27205.2,133949,11681.3,51505.7
719715,349499,298839,1886430,1124830,169159,9441.95,1938.67,223636,132584,8709.45,32177.5
771012,408527,536731,3305400,1873950,304482,14425.3,5484.63,23409.1,66636.9,10503.5,59914.2
813843,506073,427484,2489020,1719030,290862,8324.34,2746.89,360278,74560.1,13670.3,22185.2
951079,505798,372564,2244810,1326070,221941,14942.9,4419.31,23554.2,41415.4,17754.7,80909.8
745155,470526,388640,2312520,1526370,249586,14273.2,2646.05,240366,354840,7921.42,71188.7
414213,246582,320237,1817430,1244780,222271,4928.21,1120.36,18021.9,122733,9814.34,35437.5
608060,347308,339145,1915930,1121520,202611,16132.2,3297.59,105963,212823,13390.6,64701.2
662951,380604,411182,2236320,1388810,265977,10718.3,1556.31,12957.7,33982.9,8032.19,52601.6
796562,490187,359856,2321430,1570200,241025,19395.7,4230.96,14087.2,292257,16247.7,53038.6
537376,340094,203167,1813310,1091130,115785,11686.9,1523.27,462386,52830.5,11874.3,56724.7
605639,386298,284378,1608540,1008490,172055,4065.84,2078.74,49172.7,27645.1,11767.5,55010.3
547216,298716,267970,1506600,982715,169000,5996.9,2301.61,6729.45,28962.7,6753.37,47523.6
676961,377423,295385,1807240,1233180,203533,20689.3,2258.16,15188.9,36425.5,7891.42,63359.4
862036,472711,368296,2072580,1304120,233674,8624.15,2719.04,73890.3,103906,7766.05,64540.8
652803,367893,284705,2101250,1250270,170644,9321.93,2989.22,23828.2,33130.1,7416.92,68460.2
587513,327671,344492,2048880,1156940,194009,7603.61,4497.05,409495,81208.2,12100,86490.9
778431,462753,514720,3141170,2031360,323750,6823.84,5054.71,14198.4,71371.4,9067.39,71863.9
661619,438012,263371,1632620,1154030,191362,11544.6,2033.76,13469.8,39867.2,7404.08,33399
1006670,552575,506125,2910380,1930230,342246,10380.3,3761.01,5375.01,31407.4,7265.31,64383.3
1089500,433625,597392,3558930,1643750,268504,12358.2,6956.17,10448.6,58532.2,20683.1,83450.1
618940,384881,296498,1597840,1065560,190748,7115.13,4490.71,6392.89,397834,24169.2,45374.9
711111,415118,346002,2213850,1398480,224536,12434.7,4046.05,132112,83556.7,8376.12,38321.4
552715,389740,189651,1185710,804200,130691,13162.9,2011.54,29853.9,33055.6,6533.89,41978.2
685224,397604,415656,2373790,1395300,244112,23879.5,5236,7244.68,66453.6,9481.35,39339.9
816491,430231,380626,2268930,1539320,251834,6664.04,1754.05,48870.2,225233,10819.9,54155.5
1033460,473852,429084,2860870,1724100,259088,16246.2,2615.76,89227.7,76050.4,10017.1,79419.6
486004,337086,255011,2042560,1407380,177293,10940.6,3144.98,41058,116303,6719.01,43188.3
638066,399254,284637,1671110,1154800,195939,19453.8,3064.98,6649.29,93051,12965.6,62353
1165700,638697,817280,4194300,2957190,499255,18103.6,4515.49,159277,483736,18116.6,91423.1
594641,320023,226347,1331140,819008,139702,7855.66,2050.66,52276.4,328136,7359.02,17424.5
572437,365843,258245,1475410,882500,162032,6570.71,936.792,384022,39076.5,7508.51,14040.2
484986,337623,230263,1510620,1068140,160260,7745.05,1099.11,183136,99102.2,11036.5,53367.8
733426,449733,282319,1564390,983031,186716,8521.39,2237.44,125467,183165,14634.3,59889.6
989064,377020,350249,2039660,659234,115311,14392.5,3960.42,22117.1,34715.6,8071.6,21557.7
468816,276076,220856,1195080,772639,145984,5831.08,3027.4,16593.7,34936.5,12267.2,43281.8
784862,345904,398869,2493440,970549,158639,6112.8,3292.75,36664.7,40865.2,12491.8,28510.7
618827,373904,359887,3047120,1813690,218173,26998.3,2371.91,28950.3,71830.6,17807.7,57226.8
1172590,451961,628110,4194300,2249950,290687,17672,5002.97,82753.4,172756,11115.9,81337.8
813474,468003,408492,2518310,1492040,236668,11985.5,3071.03,20281.7,117412,13884.3,52506.4
855198,442319,343784,2019570,1209430,192885,9229.14,1187.66,75454.2,143524,10831.5,67107.1
1020590,614529,661218,3985720,2576000,411146,7517.84,4854.1,22848.2,376429,15421,95662.7
562218,337203,283764,1909380,1295280,194726,16417.5,3604.01,35736.2,90875,10980,57472.1
639486,407057,235268,1490640,1007170,158576,11372.8,1749.29,12057.2,82485.7,13250.8,49157
874830,461196,398572,2400520,1497480,245585,4754.67,958.762,11129.5,40390.8,10009.8,44022.2
670950,376151,323966,1766040,999289,197111,6325.87,1084,89054.6,49236.7,10757.1,14217.5
665724,389347,364712,2117420,1378680,237245,4253.82,4054.93,278760,255815,17348.1,50381
798732,448899,284213,1568030,1043040,193632,9839.1,2268.97,7776.27,103067,6974.09,33593.6
1024750,626512,754536,4194300,3142580,475311,12435.2,4747.77,44553.4,105134,9639.81,102765
761242,478322,428006,2597550,1763110,284640,5076.81,1463.25,175781,176221,8437.8,62162.3
509272,362886,273679,1594080,1143490,195301,6323.32,1086.64,9777.55,135513,7077.77,56787.3
692702,445150,387439,2209320,1569490,269264,8794.68,1141.02,98948.2,66503.7,12719.1,73126.8
533209,301771,523858,3179610,2012820,341109,11393.4,910.602,5735.51,273745,6597.47,42768.2
1098800,402306,453700,3348310,1162140,176714,20234.6,3318.21,27934.8,74632.4,20143.3,89129.1
501293,285965,276643,1540820,948972,169760,5772.05,961.223,130826,190284,7624.2,55721.9
742023,488503,353713,2112600,1448940,242177,3717.44,1280.66,106910,155781,6960.9,53059.4
631954,394654,243529,2418160,1604130,157110,15651.5,4970.95,57716,93199.9,12550.1,37303.3
639854,340484,492357,2933790,1618150,266472,7425.32,1504.31,51108.2,39259.7,15544.8,75646.7
555818,332260,403831,2322570,1313360,230491,7444.02,1557.53,286980,186156,7991.34,91868.5
591766,370296,282153,1677940,1178910,197055,10123.2,1594.46,31300.7,29627.3,9462.5,41295.1
1380420,637415,766572,4194300,2077990,354079,8905.54,2801.97,44255.5,48338.5,9006.94,46886.9
919230,517894,250542,1415730,756072,138713,5689.61,1632.21,11189.9,132595,6392.94,54367.5
895557,553950,346019,1917810,1222590,211637,8339.11,1828.1,9806.4,48478.8,6879.71,43803.7
646324,406855,462946,2572000,1557300,284701,7732.62,2018.14,79900.1,33944.4,11074.6,69789.5
1184230,645048,619505,3475290,2146120,383137,11801.7,3532.85,6061.6,65535.7,8811.9,37655.6
877797,458047,378396,2290110,1492580,249051,9712.57,4398.54,13653.2,49993.1,8849.73,35953
1144010,631175,635160,3497660,2135530,387839,22059.1,4545.35,36350.1,111600,11974.6,50070.5
968433,577131,481152,3051340,2041590,325669,14010,3355.83,11731.2,151276,14202,52748.1
323262,220104,208786,1122590,804556,149355,8448.15,1937.16,5305.07,23806.2,9899.15,8654.58
651627,384491,319196,1833190,1333590,221981,7871.3,2436.78,91122.2,101640,19647.8,44991.8
423689,308497,178683,1335720,948224,127201,9986.98,1236.9,6657.52,25353.7,7950.57,34314.5
480774,270476,238114,1417350,791720,133207,16204.3,2219.89,142900,275845,6677.77,56658.8
1324850,658377,514682,2970280,1580940,282767,10174,2104.98,9006,239142,15439,77617.8
729010,397133,212492,1125390,715925,137746,12846,1452.99,44047.6,27436.1,8674.41,63209.1
769253,455888,320561,1930420,1223520,202567,15184.3,2611.95,143942,221065,15309.2,63275.4
628767,436519,178175,1388120,960971,128350,9575.74,1681.26,357350,240058,6628.59,39722
601182,409074,256643,1533870,1058320,174161,4231.63,2203.39,6910.91,42372.1,13810.7,33940.9
660249,393911,266538,1505420,956277,168745,6498.98,1769.9,254210,41156.3,7809.17,77976.9
647516,372569,329610,1830550,1397960,246057,10351.6,2611.34,112949,91144.3,22396,48424.5
1515520,690044,854059,4194300,2845080,450017,20264.7,4863.23,5988.97,62403.8,10135.6,83426.7
666412,372456,384772,2108590,1267600,236567,6616.94,801.768,5349.79,181195,10209.7,81243.5
1026330,466689,597572,3543250,1421400,250335,13066.8,3743.12,11273.8,64377.1,15350.1,62457.1
818807,535142,273495,1923230,1300130,188086,8573.22,2390.87,35411.3,31887.6,8903.73,39007.9
1094660,512064,723162,3983050,1881110,346675,13084,4040.73,23646.1,75255.3,13343.4,104920
583180,361616,237548,1382830,879865,152711,6868.88,1878.29,25222.9,45761.3,7846.52,22751.6
1150070,595822,326808,2040760,1307430,203866,14932.1,1294.68,24845.8,143915,6537.03,55575
715000,358746,256907,1977280,1366600,173707,9118.12,2358.75,7050.75,35572.9,13028.5,16482.1
1030240,572712,259028,1753970,1091690,160153,6783.78,2732.42,13261.7,65644.5,10400.2,37452.1
766561,375754,337470,1865420,882246,156495,15572,2322.21,18508.9,108341,13647.5,18477.2
725120,446025,294239,1543800,1228990,233816,12210.6,3093.43,19585.4,171579,12154.2,65167.9
884068,519183,453265,2402220,1376450,244722,4451.51,1918.79,490663,376347,9306.42,83224.8
818948,514617,415218,2411680,1397360,251752,7239.11,2106.87,95687.6,348130,6670.21,76056.8
830615,500157,248435,1382630,733364,134495,18923,2041.82,7489.45,267606,12204.6,73142.9
625586,381630,408416,2968880,2022840,282917,7624.5,3208.11,38519.7,88193.3,8826.29,31557.7
928952,508251,374770,3310540,1552180,195790,15214.4,5844.99,9269.08,76723.8,16679.2,63309
1247030,607171,757170,4131250,2055670,385556,12706.6,4032.71,12568.9,285554,8101.15,63927.8
1418760,665793,629226,3213790,1885300,374874,7477.39,4882.02,8708.61,36110.3,24111,41070.4
1031100,382527,420371,3980350,1490860,174057,27320.1,6814.55,12130.7,89299.3,16814.3,82285.2
1000130,500078,318492,2099740,1212990,188989,13610.6,3190.41,66746.4,209556,11667,58854.5
708300,459158,213447,1282920,911900,150216,6955.64,2428.25,38114.5,82880,10293.4,65074.7
1331010,555538,672928,3814330,1596800,282632,11855.7,5931.47,56241.5,82505.2,10439.8,81210.6
598734,367460,167390,976864,620318,106773,8024.57,2551.79,30875.6,25531.4,8618.08,36757.6
1116690,605681,457985,3078580,1817860,271271,9696.85,4797.28,7540.71,60700.7,6923.94,52575.4
983993,565697,424117,2663110,1678340,259857,14712.5,5132.36,99823.6,176295,8415.87,71041.3
1237030,639969,495328,2812110,1563030,276164,23516.3,3878,14541.1,77946.6,9379.96,86491.7
784612,419646,365489,2048120,1158080,207916,7893.3,3858.69,52294.5,54752.8,22087.1,21042.9
442853,299124,306603,1650810,1193160,219279,3950.95,1110.83,169957,158457,12811.4,55227
580056,354752,386177,2223970,1328660,233123,22783.8,2492.86,18974.1,104908,11893.3,87960.5
946343,569674,360453,2197260,1643530,266143,9004.12,1357.8,20648,110548,7607.46,49398.5
831786,517769,246834,1408020,1055740,181982,4751.26,2388.69,6134.74,67832.1,8280.73,32244.7
986137,618989,322398,2435090,1601800,210428,23062.9,2166.1,5844.46,32394.9,24222.4,51360
656847,426308,352292,2886700,1943160,237829,16414.2,4052.19,266016,382218,7259.29,39457.8
911018,515068,510794,2830160,1974210,347269,13658.4,1207.55,350235,319014,6526.05,59578.7
795469,468239,402643,1979120,1166060,238155,7991.56,3172.35,48061.8,176414,14105.2,69128.5
344579,187903,241631,2224710,1338950,148630,7261.13,2186.51,293348,232229,9427.63,25730.1
1185250,593941,392078,3347510,1691600,194069,25179.4,4862.81,133215,447266,14341.7,82054.7
568356,359143,392726,2322550,1430080,246707,4156.55,1067.12,384009,211274,9631.97,90735.4
1180550,490223,524113,3962370,1651100,227858,17887.4,2940.19,5713.92,80406.3,6872.3,68743.1
331125,191042,206384,1216380,751542,126585,9876.77,2311.15,30616.9,38936.5,10944,8569.46
875187,485363,546363,3154000,1789450,319271,8670.4,2005.48,16815,36891.6,10683.3,72518.2
638538,436814,217970,1498230,1102150,153089,5264.81,2538.58,48470.1,21445.3,8072.44,35085.5
875080,545049,350708,2045840,1405670,240451,23666,6365.42,91396.2,386416,16295.1,87239.1
1040840,546433,768073,4194300,2236910,386058,12367.1,3168.04,5160.33,77304.6,12549,96121.4
1296940,542894,536298,3423700,1466360,230490,25451.9,5736.1,95050.6,265290,16801.6,40320.4
810779,458907,248507,1895310,1197570,156296,14195.2,2306.39,37066.6,31068.8,9529.53,40390.1
1685830,849636,835654,4194300,2810450,457925,17762.8,5362.33,134224,227472,7155.4,78801.6
725411,430557,302089,1648900,1136760,202544,16999,3915.73,18581.8,78805.6,13975.9,65948.6
782270,502677,368964,1993960,1332890,243676,9678.48,1180.87,215884,313211,8137.51,71286.1
877642,512937,385432,1897140,1152500,236163,6516.64,1825.06,7185.5,186847,7037.66,61522.3
778758,474854,339015,2004790,1287950,222719,6995.19,2127.48,6084.16,57698.4,8807.37,45512.9
910162,547882,395402,2100070,1524540,277057,9015.11,3052.41,29369.3,39599.5,14879.9,75456.1
903106,520592,341916,2100250,1389780,228162,13448.7,1975.82,5469.6,27651.8,7374.71,38455.5
603005,340762,277280,1594760,832075,146843,7059.93,1431.03,22005.7,28848.4,8555.62,45056.6
942729,566994,400756,2440560,1345470,222662,9011.88,3529.34,61929.7,453093,7970.24,66393.2
764660,404031,478463,2669420,1418460,253190,6284.72,2113.71,5849.79,42784.4,7681.28,45219.2
589698,313248,199295,1225050,760985,120408,12821.6,3079.84,20250.7,43074,13918.6,37059.5
1244350,609068,742079,4064400,2338730,421539,23951.4,2378.9,41843.8,227456,12484.3,91865.7
766084,435004,359229,1966520,1379650,250320,9160.18,1167.61,29464.1,202885,9243.7,37877.9
898673,559556,317506,2649080,1513290,188383,14850.6,3414.83,390924,324063,13776.2,67016.1
490475,269638,243492,2103300,1210360,139018,13749.4,3253.94,28112.4,46333.9,7235.15,49628.6
1011070,523731,623985,4169500,2085270,313795,27503.5,5076.94,7644.27,59860.4,17352.7,31553.5
908460,382444,589594,3446800,2052380,346377,14528.9,2587.71,72040.6,98634.3,9560.81,57330.4
553323,366085,214672,1672590,1215950,155559,10926.2,2142.24,279251,293115,6963.89,62039.2
1177100,475884,452633,2302400,865947,163733,11322.4,3057.16,248710,41105,9185.09,52282.7
765687,431093,377202,3005420,1922480,239721,16832.8,1626.27,17074.3,35781.7,12097.9,27536.1
772383,503031,566879,3288080,1711100,309880,7389.97,3187.91,14720.7,52259.4,9611.08,71747.1
685040,436299,225450,1687870,1038240,137778,9088.92,2819.3,50662.9,31692.1,9431.39,38571.8
629837,380266,263528,1373790,812218,157518,10553.9,3096.75,6052.92,345681,14726,69776.5
419193,263892,254169,1493520,1019490,173633,6633.78,822.72,57659.9,52787.1,6996.02,47485.5
929208,526700,455803,2260000,1279630,256518,5995.21,3303.72,19534.8,77121.5,7322.88,62265.4
688386,422961,280256,1581640,1004690,183267,19480,3577.23,53378.1,79054.4,8303.09,54466.8
1689350,874569,641049,4194300,2869530,360475,22410.1,7885.21,10284.6,119589,16274,70480.1
600709,353826,291787,1976910,1277040,182270,11314.1,2352.62,178954,52669,7117.81,51270.2
553636,334198,166258,1207840,723565,99716,12131.4,1876.55,98194.6,43896,6509.91,41042
515676,313153,255808,1483970,845154,149233,5795.81,883.333,16426.3,73692.3,8845.37,39340.2
986779,386943,607049,3795440,1554070,263550,14853.5,7356.73,8011.55,76107.3,26412.5,48901.5
1053470,524557,643405,4194300,1520150,235445,11654,3083.54,30112.1,27873.2,11771.1,47791.9
816314,511620,282266,1657080,1126260,194189,9113.07,3262.31,36342.5,30738.7,12057.9,50485.2
1145460,483422,487119,3748570,1266100,178554,19098.7,4562.58,54754.6,84778.8,13258,95503.9
591728,359636,267927,1800620,1161470,174958,8550.85,2165.6,33611.1,40560.9,7258.24,42797.9
937510,397279,455733,3061850,1538980,242716,20785,5297.68,45139.9,108902,11466,49726.5
1141940,444018,475946,3530400,1631520,217352,22636.1,3407.63,14298.3,266635,7283.02,91235.5
610021,348974,215509,1453200,758825,107171,11182.3,1045.35,113969,93715,8359.16,10703.2
619392,393185,211166,1183320,821419,143443,9668.56,1390.11,125120,28788.1,9173.58,22537.9
510541,342129,202763,2126120,1371970,126980,8116.67,2918.33,71051,46055.2,11601.4,40833.6
1179740,445946,502449,2728310,957295,180840,19377.9,2363.54,23508.5,285572,14668.1,104688
1000100,600537,616696,3407540,1944500,356798,24444.5,1522.69,46710.5,5595.56,8052.49,30046.8
962094,585952,434215,3037090,1961100,276737,11604.6,4333.27,35066.8,288125,9066.95,75034
938757,489252,416428,3143760,1696760,216213,10179.1,3853.54,37255.6,63972.9,6537.65,58754.2
451190,217454,388652,2223650,1468130,253302,9390.84,2875.02,6900.56,42255.9,7202,12608.5
570391,317119,295473,1784810,1065160,172928,5316.37,2000.49,7302.19,25747.6,6828.25,41112.8
608636,390930,253834,1530180,1058600,174039,7594.1,2497.83,131849,164321,9888.94,53398.3
612342,325193,274110,2189110,1195170,159387,9398.53,3768.83,12656.9,93387.5,7602.34,48142.2
717138,268470,552379,4194300,1863460,254347,23582.6,4022.33,9316.76,188001,11034.2,50394.3
1200030,470156,709408,4194300,2696220,347876,27630.7,2921.32,49039.9,109955,20540.5,87437.6
1084030,583683,381687,2019280,1049620,196815,13217.6,3355.84,12657.6,127681,11253.7,37322.8
817063,521403,246125,1147850,847811,174433,7939.51,2190.88,121706,44028.2,7334.88,67763.9
983619,553136,452969,2790540,1888980,298777,8610.09,6559.42,59491.7,142414,21579.7,68675.4
439043,291939,248294,1502280,1054380,171659,7886.55,4962.83,7568.84,33472.9,7042.88,12889.1
764659,420915,245239,1476720,993945,164667,14841,1490.89,30409.1,203130,10207.4,57620
651971,408284,220891,1700890,1179980,148481,17834.6,3248.7,16591.9,34400.9,9955.49,46183.5
686296,357496,424835,2188800,1260870,242393,7950.61,1941.7,361572,242002,9833.14,66638.2
929781,562974,282802,1616870,1068380,189481,10826.8,1158.48,15971.1,193272,10891.3,32865.1
410225,255210,252110,1934020,1169500,155224,10329.1,1930.83,166600,74830.1,10576.7,35367.6
869372,556517,426603,2525310,1441700,245200,6719.54,4041.46,182193,274056,6413.68,79811.2
1101020,520726,743924,4194300,2609680,438042,12769,7910.2,7488.13,147944,16015.6,77364
920766,384499,473564,2774540,1457930,241344,10982.8,859.262,6628.64,48677,9222.78,18069.8
973974,413068,405846,2285660,1102540,198163,18605.4,3589.16,111697,60786.8,15842.8,89478.3
961976,535768,427504,2728360,1649600,260842,8504.77,3496.73,42950.4,40671.1,9127.92,67309.1
764504,513030,380601,2081720,1478100,269473,9095.91,3537.4,9440.54,97405.4,19181.8,44216.3
878423,505238,357087,1993140,1147030,208929,16041.5,3941.18,40643.2,158447,15320.5,69531.6
819308,507059,371724,2335630,1559860,243492,6364.6,1460.38,40490.8,44285.1,8317.58,22886.8
682770,428021,263882,1533900,1039240,180994,6595.78,4779.35,6784.01,32834.9,7115.62,37192.6
372644,239986,164540,1334730,947959,117120,13313.5,4707.83,7012.99,50059.6,12484,10292.1
1420510,666300,808145,4194300,2792350,457920,18885.7,4623.15,9390.68,61086.7,11744,94099.3
779404,482404,350081,1558840,1010980,230173,19801,3025.61,123837,184986,18555.3,78254
788689,514443,302986,1584920,1129010,211608,12047.3,1577.87,12906.9,26701.5,7540.57,60060.3
940063,515241,342840,2927350,1717610,214966,15354.7,3053.67,56229.3,69520.1,7039.08,44341
850743,481716,475548,2658640,1553100,272858,7508.69,1772.09,10952.8,16288.5,6808.68,47862.4
547962,341680,243231,1224560,828135,165621,9039.46,2688.61,24291.9,276231,8775.47,68083.2
1011690,657044,421301,2373730,1540700,281884,5810.91,3756.36,161469,402746,10242.2,72172.2
722468,370113,280024,1580010,857088,149334,6924.38,2741.99,64572.6,40419,6481.32,41440
859212,528839,274947,1428410,1030950,199087,7470.05,1600.29,11201.3,35831.1,8302.64,28280.8
657648,436737,174875,1180600,845630,125912,7793.47,1147.82,9494.3,16764.9,7603.46,42276.2
1004250,526883,420807,2536220,1558700,254013,6689.9,2513.91,69403.4,239658,8823.25,53424.2
940137,520223,404837,2298860,1274630,230212,11111.7,1110.19,60641.8,237226,8729.24,86116.3
940385,357582,383029,3188970,1255540,177968,10519.7,1588.73,324319,174301,7927.54,61207.9
819379,498824,428823,2438500,1517990,262062,10631.2,1623.22,101527,23430.2,6406.04,56548.5
627280,399244,145016,1167840,795079,94439,12393.7,1454.09,232455,241942,6705.67,25291.3
586896,389665,433744,2539720,1944400,316052,4306.08,836.43,31832.8,81073.5,7229.47,44978.4
678286,464433,301380,1829420,1142330,188815,7292.7,2976.13,9806.86,28724.6,11090,49733.1
1173480,695955,452550,2568390,1551990,279607,11959,1036.09,16049.3,50384.6,7468.18,101325
1124210,768325,575854,3978750,2502710,367995,12975.3,2735.81,211045,422567,16268.3,54435.6
1277540,633850,584976,4194300,2447470,254235,15762.4,7186.53,10944.9,80493.4,9153.15,58443.3
767837,463562,253452,1630340,958516,151820,6765.16,3422.15,9195.34,28003.6,7258.1,41405.5
777894,437215,269346,1491090,890728,165970,7286.19,782.081,14225.5,109188,7591.8,54826
817855,471190,444501,2185540,1297100,258665,11078.9,6856.9,117273,306956,12230.5,73448.6
1068470,698164,349097,2183830,1352110,216700,12286.4,3374.85,148268,350878,7224.34,86856.6
650671,446065,260442,1537180,1059020,178313,5151.9,1562.89,13815.7,52054.6,8024.68,48864.7
940822,554552,379796,2387400,1545970,239978,8932.38,2489.55,18662.8,41033.1,18466.9,75428.2
853892,517880,306614,1930390,1322660,213407,12749.4,1863.95,157157,68540.9,18096.2,47399.6
926443,537093,364126,2066370,990390,170929,4100.02,1603.66,106589,101512,13573.7,28126.6
907486,451638,409588,2728840,1574670,241712,13882.8,1112.84,352799,128642,6765.35,49704.2
1275350,673999,506935,2546030,1309140,268621,9173.75,5444.56,37424.2,43056.3,7949.37,84140.2
723549,455008,358649,2155140,1508950,251367,5748.65,1747.23,63872.3,83886.2,6442.89,61354.8
512533,325299,260249,1388690,818885,153516,6617.32,3112.45,118447,186633,14044.2,17522.5
1271720,546722,490196,2426920,1220060,249280,7193.01,3679.16,9710.38,63289.1,14086.9,52062.2
1031410,632180,631006,3715060,2480760,420882,7304.65,2313.76,111681,290653,18296.6,88033.7
733808,471783,254649,1272010,936258,182090,5652.3,2371.79,79368.3,56421.2,7977.03,57390
1034750,570706,356747,2164330,1078000,179147,7369.65,3338.43,13463,31871.7,8298.15,47976.7
597358,379904,281900,1661440,1145830,194270,13524.2,1238.03,10385.9,20305.4,7779.86,20417.4
756080,462492,417790,3432720,2070260,247690,11453.9,3812.45,11840.6,141507,7669.04,41954.2
846536,570510,414395,3953820,2615460,272966,19258.5,2433.67,251342,227633,10761.8,22797.1
873338,538745,341593,2265030,1409740,220450,11773.2,3050.71,119715,195756,12749.5,70426.4
773896,493442,306120,1951390,1323530,207745,26722,6650.64,79517,171682,8039.87,59603.4
588801,380716,351954,2107400,1517170,255140,8561.85,2454.26,259182,163650,10271.6,65140.6
898101,582164,304359,2054540,1350270,193389,13397,1983.8,18306.3,481765,6509.14,62627.6
559954,348102,302602,1861350,1091300,179377,10619.9,1933.74,18152.2,126462,13150.5,73077.4
871403,425691,339986,1749140,953695,185423,11867.6,1665.89,248376,184258,6528.5,72794.3
903370,524103,438151,2082650,1259680,261608,10608.3,2582.28,22868.7,415272,9079.44,74044.3
1338780,699769,705121,4042110,2311910,400919,15363.1,5330.87,68551.4,30425.1,7260.2,52746.9
542761,332890,348454,2068680,1332770,212434,5116.72,3260.88,5950.11,40201.4,6788.75,61857.6
993250,537174,585281,3595830,2459320,401993,11433.5,5409.15,11630.2,47121.4,9387.41,48486.1
654506,406615,276421,1526190,929428,169031,7070.64,1843.85,17718.5,26518.8,10048,41215.6
1022810,624429,592217,3283000,1930430,358554,8082.67,3655.88,43490.2,430378,23587.4,98552.7
842978,531775,322389,1912930,1303340,216054,8896.35,1317.93,227407,247801,12081.6,69845
649405,404739,265845,1773220,1217100,180833,6899.58,2543.23,137046,38512.9,6570.55,40594.9
973752,439295,301073,2001360,1066260,165567,7787.51,1689.21,8921.27,107617,7841.3,47475.2
1117500,473456,516885,3073610,1581040,272819,10175.2,1566.69,251796,121320,8458.94,48552.3
714442,452949,290133,1680020,1074000,187405,15316.1,1544.07,36760.9,120146,7094.25,56279.6
871602,546080,384226,2181000,1382140,242893,7210.76,2825.26,18646.2,57252.6,7356.18,49014.3
1179980,482431,709374,4161870,2137180,358870,9363.4,3563.69,8915.14,21773.1,10538,18585.7
536886,341607,194196,1813730,1268290,138295,9782.75,1874.27,43599.7,40792.4,9405.48,39015.4
679255,404942,279024,1837990,1092820,159974,21031.9,2092.6,34405.5,216957,11897.5,61245
668507,482478,222785,2081230,1481520,160219,9386.5,3332.07,102906,275407,15724.9,33184.3
1275720,511652,655010,4194300,1730840,285293,21115.1,3848.04,16830.6,52210.7,21363.4,22039.4
1029940,660158,289885,1922800,1375590,209340,6817.5,827.495,100893,30568.7,7037.52,58584.5
1334760,675856,643372,2998130,1692350,363887,15289.4,1384.57,13093.7,207514,11749,98468.6
670626,439604,271204,1353640,890386,181701,6324.58,2692.76,366917,32400.7,7977.88,63355.5
614638,406248,318464,1890400,1207700,199412,6018.87,2433.75,10726,40522.9,8607.37,60729.7
1046480,395955,381207,2612620,976195,152443,17346.5,2504.33,69062.7,64700.5,7897.97,49622.8
632355,415090,278516,1638810,1179340,196725,9635.01,1385.82,76779.8,109278,6432.53,71031.6
988842,573416,390781,1779560,1200280,263840,6805.66,1515.79,21486.5,269415,6709.84,47556
975770,521824,409914,2395680,1432720,248681,8744.98,3333.55,5620.02,45516.4,18334.4,72961.3
433634,259929,212466,1842540,1221920,127627,12947.1,2108.7,37846.7,360039,7281.3,48832.9
1089110,647600,371094,2490550,1657140,242968,8993.86,3190.91,32668.3,31451.4,10454.1,72600.4
1032900,401941,367595,2501710,1165920,178300,20002.2,3902.42,55206.4,76520.2,10705.9,55187.4
1283800,557545,577488,3116770,1383170,254033,19574.8,8538.32,5929.56,66410.8,24211,38292.1
768758,506627,319629,2080740,1444220,222620,4909.63,1793.4,153577,17177.8,6993.53,53102.8
612916,360181,416451,2425120,1560350,273506,21831.9,990.952,45265,404472,16369.2,85504.9
894360,493798,384549,2166400,1432160,251725,6528.15,3065.23,250523,320343,17720.3,72160.6
979882,527090,687587,4033580,2751770,458066,12707.9,1685.62,10493.1,336430,9348.23,53404.7
839415,469452,295318,1840790,1076210,174353,9080.62,1873.16,22073.2,33094.7,8031.85,37962
631914,378341,268022,1484320,971653,176252,11538.9,3460.22,59618.3,70203.1,8395.35,67666.6
990517,560542,404726,2565440,1450120,224715,24433.7,3893.09,52176.6,50020.4,13046.7,88838.4
1324290,624880,604937,2965680,1348150,283772,18417.7,5451.63,8614.26,74822.8,10162.6,55273.1
979423,626461,394636,2186270,1416280,258293,5673.93,2270.53,77834.2,27948.8,15194.6,75274.1
785557,492892,258332,1913350,1289100,173456,9421.21,2067.97,48273.8,28972,12108.9,46354.3
922533,542814,292175,1721090,1155040,192044,13788,5808.13,207123,156982,7884.83,105801
946599,571928,324387,2098520,1398710,219205,9947.4,1098.57,22150.4,53121.3,6921.14,46452.4
1089000,594368,436761,4018590,2521880,271519,18308.2,7145.92,41562.1,142265,11223.2,72994.4
1100410,418434,773433,3901370,1843840,372142,10521.3,3250.99,69179.7,198943,10485,58709.5
1014300,609037,446222,3933770,2351780,264519,22859.9,3517.74,10039.5,324665,9028.03,42954.9
642202,432450,383987,2109970,1515870,276594,7540.07,2445.83,366491,60200.8,8710.41,62452.7
1069330,414834,315901,1867090,951826,146617,13902.7,3655.23,20142.9,29822.8,11776.1,22771.7
674418,452258,294265,1805780,1330180,211527,12312.4,2988.47,27835.7,61515.8,8300.8,42359.9
1099140,689923,360571,1518570,1039110,242539,8052.84,1949.66,35591.5,85495.9,10492.2,52990
695371,410461,301364,1678920,1121980,202046,8770.32,1471.94,437773,186829,7890.11,35557.7
713953,438980,356496,1801060,1128670,226767,5684.37,1793.75,149057,200415,10482.7,54864.4
719511,381784,313632,1780210,1136810,198010,7105.31,2129.48,190023,176948,11986.8,51421.8
778757,435299,349535,1966420,1217230,220799,8059.73,4353.33,91315.3,232552,12101.7,37231.1
837967,470786,399667,2271180,1222910,216201,18063.5,2385.72,114984,164489,10776.3,65531.4
1282440,547689,540830,4194300,1868330,242937,14617.8,7185.52,63309.9,92184.2,11205.2,65826.1
715984,435791,374886,2074230,1236280,231514,10778.5,1330.62,6750.71,132635,8288.15,51483.7
1192410,658485,455603,2228870,1430400,277166,8436.77,1877.59,283042,58229.2,14363.2,59788.5
1183320,632291,491089,3960180,2012250,258400,15346.5,6849.66,17767.9,74588,10092.4,44385
940128,410544,342232,2340360,1297450,197158,20779.9,3516.91,38404.6,100912,11311,52847.1
1041650,519128,344059,1990660,1104330,185941,15295.7,3328.31,19365,52671.2,12722.3,18985.3
590192,403342,303924,1829700,1265780,206952,9835.46,1346.22,81233.6,73265.8,7203.43,66729.8
335953,191859,197484,1214040,733828,116286,9677.5,881.181,90463.8,22796.4,8816.79,54336
790954,455635,381892,1881660,1028130,215509,9709.7,796.618,22317.2,140660,7570.3,56237.1
660564,416465,233987,1699070,1063840,140311,21566.1,1210.13,5135.45,338780,8890.03,43364.8
625010,432436,249277,1431550,1076560,187529,6205.01,1838.97,10246.6,15281,9044.2,55046
1111450,473186,337737,1990080,1004770,171040,22938.9,2056.03,95897.1,49644.2,10286,27984.9
947192,638282,387044,3331950,2454320,274322,19639.7,2258.12,126860,383087,7004.87,55908.9
831463,469843,389230,2198190,1483710,251545,6345.04,1481.43,223204,272297,7433.37,38892.4
699946,359171,337680,1901400,1121630,196309,4662.76,4180.73,14837.3,15197.8,11484.6,12188.6
599924,373901,313381,2467790,1696340,223968,6843,1544.04,10439.4,80936.7,7419.2,44087.4
727214,405932,490976,3695260,2498010,330585,11242.5,3154.46,14785.8,379781,11577.9,58437.2
970375,496295,670414,4024410,2299280,383823,11559.2,5818.35,6449.67,81178.2,17950.6,89949.9
705639,439478,296303,2096870,1307570,190796,12385.7,3723.74,87463.8,41882.4,7138.19,56880.1
747404,508243,354527,2114170,1493120,251685,8500.65,2018.47,69531.2,135362,6735.97,57820.9
595214,370339,245388,1586520,1049530,159279,12379.9,3067.24,15054.6,33487.3,7178.08,62268.1
695826,470207,193913,813580,586527,138019,7805.91,3831.73,42136.4,70635.7,20581.4,32273.6
585342,345803,185893,1291940,832563,115428,8163.11,2226.9,35248.1,112686,12920.3,54658.1
1058180,424818,300573,2379120,1072150,155057,23825.8,3985,68178.7,65590.1,11721.3,67006.5
837014,539472,348494,1987800,1271200,216279,7389.19,2599.18,97837.8,38303.3,7086.54,67732.6
1405920,605301,439697,2296770,1011440,195504,13627.9,6060.23,77699.3,110927,11138.2,57852.1
1111440,504555,675088,4014930,1702190,295536,21209.2,7159.67,17505.3,209679,22045.5,77407.4
1058860,452224,636200,3966180,1615420,250261,8643.05,7538.22,5213.18,62724.4,13566.4,98181.6
873710,548050,238410,1619850,1118340,167208,15956.1,3075.28,33126.1,43907.3,7218.6,69044.4
434770,267089,171743,1360840,838340,112426,8960.96,1336.29,286024,65273.9,10500.3,32484.5
615445,396504,190044,1341710,864065,124290,13895,1889.65,10569.8,81271.8,7564.61,46396.2
667822,428815,218144,1399990,958436,152711,10505,1962.23,103699,40276.2,6949.12,30233.1
1266520,640962,409261,2778980,1616060,243512,12549.8,3551.88,203886,242711,8013.18,67513.2
958589,561485,311453,1486150,973437,206002,8103.54,4054.32,60170.9,50090.9,16976.4,61371.6
875867,511145,370553,2144700,1426770,245867,9940.71,2771.62,9008.41,43437.4,10340.3,18033
801874,445416,330803,1792920,1154990,205462,19907.9,3373.92,32606.8,301571,19199.1,50083.6
1457650,632070,727980,4194300,2172100,283320,18388.9,8886.52,27373.6,137496,8520,96345.1
775402,348460,318300,1749910,1008430,181687,3528.06,769.419,68156.5,157224,8550.23,50889
789515,469984,377957,1917510,1082850,221617,18706,1769.3,6494.78,162777,9555.73,88131.2
726711,469170,219613,1193550,848738,157785,14503,3099.68,37222.8,19433.8,9696.8,12677.2
620341,396021,250612,1496190,933355,160112,4530.85,2001.73,63440.1,28351.7,10312,30923.3
1175610,648936,464219,3137960,2109720,319007,19854.4,3262.49,17471.8,381068,9517.59,61356.4
554244,359683,315359,1709910,1128550,215201,8304.02,3298.04,5345.36,85109.9,6871.23,56219.4
916859,581644,359591,2130100,1404200,228795,8589.35,4408.77,21926.2,75921.6,21573.2,50463
1032120,579368,323605,2349470,1400910,188489,18748.6,2271.61,164273,453294,7493.8,62814.9
1294160,768282,616032,3502260,1974410,371245,11157.4,4865.16,51044.5,292512,10552.8,64216.5
816021,456232,413321,2109120,1369980,272568,8893.88,3972.08,22446.6,312605,6772.06,48403.9
739733,514636,303058,2664810,1763520,193350,12069.5,5766.03,357597,410437,19659.3,56734.5
929388,552145,278554,1399740,1006260,191690,6679.54,3876.28,45524.3,27470.5,11556.9,39220
1293920,708821,468311,2398270,1525240,294439,19340.5,2867.15,5745.52,372004,9098.6,59372.6
1124310,629268,483740,2614040,1649830,305124,15289.9,1824.15,10356.7,53541.9,6398.52,52911.6
1128180,580879,348126,1818170,1033200,196218,13797.6,5251.34,17124.8,64657.7,9977.13,22976.6
831297,512575,365516,2565460,1757410,250567,11160.2,3834.13,77465.2,43984.9,13806.3,50309.2
451108,235724,236440,1237780,713967,141189,9681.24,1304.54,160589,46815.9,7586.63,10960.6
858440,492152,136845,654387,333362,68023,8755.57,2444.94,13136.9,42726.2,8243.75,15071.6
1200510,668978,397699,2855820,1918000,266848,10040.6,5625.82,12885.8,35793.4,7832.41,59677.6
726570,446497,308804,1992030,1148190,176711,11424.2,902.507,21342.6,208897,8138,32374.4
821591,527322,332087,1799410,1318550,235891,5599.21,2620.91,44644.8,146662,16449.3,49291.8
551825,353778,367596,2117610,1297730,208020,13687.7,2338.62,86007.2,278813,17168.9,57427.3
807456,378522,407127,2233000,1394860,254690,13314.3,987.481,11202.4,164048,13333.4,71301.8
566860,346464,207732,2013580,1360210,141801,19407.2,2905.19,15204,65365.6,7646.88,59015.5
1144600,513164,392077,3231120,1691400,219728,23620.1,6010.64,25701.5,84068.6,15763.3,76270.6
584309,411351,269806,1406940,1072690,203486,5474.73,1032.69,196136,22812.5,8551.34,62729.9
653730,404047,329176,1814520,1238270,216852,3576.63,2003.3,48787,257010,8788.38,69575.7
585708,422232,144378,936238,731802,111151,9692.15,3969.62,19228.7,86176.3,7653.64,39977.9
1047910,516470,543776,3348480,2091220,329343,15457.5,3184.73,13535,63363.6,10891.9,76290.4
507151,303583,168765,1094610,603351,92469,12469.8,2009.49,100339,71971.7,10357,33817.3
603068,350129,307376,2656310,1579140,195665,10904.7,5817.67,13514.8,65580.8,9003.88,29288.7
642584,379368,305926,1720690,965971,169203,6854.51,1421.01,8828.6,83283.8,8372.95,46345
1161650,490362,564514,4194300,1708740,242267,18112.3,8087.37,30194.5,107711,9317.11,78593.5
708838,458616,282115,2233620,1481080,184951,10597,911.695,516637,66529.5,10446.2,71518.9
727376,465609,226219,1253730,932601,164831,3612.19,1087.32,74449.7,16149,6752.12,62955.6
1072940,558126,715104,4194300,2432420,327610,11370.6,2018.92,10881.9,56344.1,13335.4,72392.3
1080280,480884,778783,4194300,2893250,506226,8623.31,1144.24,24344.5,391515,10150.4,95559.6
590515,388758,201497,1690720,1043580,124587,8000.7,2322.06,185858,72309.7,10125.9,50822.4
1167200,650003,510400,2603730,1542490,310108,5704.64,908.023,504161,34916.6,7937.41,86116.9
1191260,619604,545709,2842370,1908840,356362,9967.83,2675.36,5649.5,68210.3,8689.4,26146.8
723631,411402,345336,1985350,1315060,230505,11004,1855.27,47994.9,208233,6639.49,83736.6
618103,399715,234450,1340170,899119,155385,4530.64,1911.32,15998.7,25744.2,14389.9,54745.2
783334,499726,307037,2379930,1501910,193716,17032.1,2686.15,49764.8,354635,6635.91,22752.3
570346,365385,288813,1917500,1242020,192346,12238,2258.9,35821.3,53097.4,7172.98,39627.3
607945,379036,300266,2125650,1287960,187508,8797.61,2998.37,26963.1,108606,7849.42,50677.4
1223310,523935,368608,2389440,1346350,211309,8645.09,2422.25,6755.86,234813,11172.6,45524.1
484239,240304,174486,1110080,592012,90139,5736.54,2077.41,6162.21,23070.9,8473.52,10935.2
761164,419088,264696,1483710,966554,171743,11737.4,1680.55,103103,98728.1,7838.65,74313.7
799989,540106,271433,1679330,1125400,183883,5547.42,1879.68,11262.8,76303.9,7263.87,21633.1
695358,449883,267086,1719340,1248340,187907,7232.83,2206.02,46445.8,147361,9320.42,48688.2
1198010,682915,461336,3053290,1769300,277901,9375.64,4514.7,126862,143283,8251.06,82750
787656,506945,294575,1475630,930383,187027,9355.57,3078.52,182612,188322,7149.08,63943.2
533759,237950,177728,1439280,643358,79241,13953.9,2038.57,187176,32091,8559.67,18485.7
708692,457050,300329,1828550,1327140,216541,14128.1,943.598,30286.1,221813,6981.7,63980.2
740839,424989,371592,1692490,1221360,254163,7680.94,3575.14,19498.6,84154.7,6819.92,47827.9
965220,584351,607377,4194300,2974180,386775,10790.8,2186.34,6438.71,214335,14397.4,59002.5
857895,450591,388795,2480920,1413490,216881,7738.98,5895.56,9111.74,43256.6,7492.44,19301.5
609756,428355,239456,1348610,1032170,177281,5562.12,904.259,81826.3,17728.8,8013.66,41881.1
1149950,491130,514992,4194300,1849420,236985,19995.1,6097.02,11332.6,265011,17560.1,77581.3
903289,538390,318528,2456070,1569250,203014,16656.1,1814.35,83509.1,91143.5,9800.48,65245
1206610,713478,694084,4194300,2604080,407536,8736.07,7804.32,31411.8,202554,10464.5,76027
982544,609661,449828,2874680,1927250,298122,10185.7,1406.42,250582,150720,8006.42,53430.8
884392,519022,257837,1389320,985112,177952,8602.75,2711.33,208142,77843.8,7704.09,48698.1
728750,487398,273608,1805110,1287340,192878,4685.68,1908.82,45616.3,26962.1,6816.1,55325.9
798439,490827,316458,1940190,1120640,175023,19241,1964.73,363165,35158.7,11209.1,14075.6
1439380,650875,622132,4194300,2213030,303640,15627.7,6512.09,6051.85,149834,12708.6,60125.7
969989,542621,337625,1787040,1017310,198678,10350.8,7387.08,10625.6,64484.8,10629.5,20372
1454340,782250,808048,4194300,2530260,394460,15068.3,1853.54,7855.67,75436.4,13041,71725.1
571718,306143,267929,1484560,918922,165545,16000.1,3190.42,104670,83193.6,11848.9,56225.1
1293270,602355,564475,3643320,1801180,282185,19444.7,4795.38,57799.6,48576.8,8574.71,89656.1
828378,437673,448862,2695890,1704340,278182,8342.08,3327.59,10306.7,134887,10892.1,89650.2
1145760,540449,577536,2723640,1259310,267685,9740.61,5598.77,12310.1,61262.1,7991.1,40350.3
439286,267346,255833,2079580,1346540,169224,15983.4,1610.15,108201,220628,7670.89,29688
1052310,633137,298390,1606460,1117700,204890,12898.5,1790.73,8025.39,37610.8,7890.21,41332.1
942213,617152,277985,1324540,845267,174803,12090.3,2388.02,45207.8,51017,7178.9,48870.3
728524,461857,311363,1769350,1143150,206602,11642.7,2556.99,221204,337693,9602.45,56101.2
1049940,492617,346092,1427640,804803,187649,9688.24,1407.45,6463.5,188964,6448.94,46891.7
785491,500930,272596,1652200,1176620,196506,6342.07,1665.71,9275.04,92951.8,11451.3,38352.4
1076860,567866,527442,3062310,1577200,278539,7852.97,1562.68,6495.41,114483,10292,40019.7
806093,297946,361453,3071740,1264030,158027,13160.9,4280.72,275565,295264,15312.9,73478.3
1511940,710953,708051,4146060,2434890,410920,20434.5,785.144,227645,104877,12129.4,84797.4
768382,481803,307488,2816540,1817300,178863,13393,2879.81,325015,295386,13274.4,52063.4
960109,611548,464838,2718170,1892360,317334,9533.55,1188.41,250413,205978,10875.3,63902.2
1007240,572905,354061,2130330,1274480,209785,7442.45,2411.04,5158.1,28288.2,22241.6,57581.8
888709,573273,237042,1035300,706330,160887,10342.5,1466.99,52108.8,61759.1,10553.3,52383.2
646588,399865,332239,1906620,1334550,234631,3060.96,983.133,101164,93346.7,8319.92,53736.1
1182700,616979,614074,3594780,2286350,396834,10484.3,1361.04,46183.1,47083.7,6659.89,49638.1
911970,586577,265010,1780100,1232300,185444,8119.07,2992.01,12820.1,99738.7,9620.69,48576.8
746687,468478,232111,1392320,897749,146318,14065.6,2068.4,22368.1,84018.7,13694.8,60232.3
755727,448117,391695,2199940,1243810,223205,10886.4,1292.13,66819.8,235450,8093.54,57152.7
962352,527823,650149,4194300,2742240,410647,11995.8,4242.39,15754.2,449130,16403.8,53415.5
1103100,645630,501020,2775240,1716880,315244,9929.76,4427.06,57742.4,52697.4,6394.08,83645.5
886144,535512,258674,1087670,783432,182595,6871.28,2125.03,25645.3,35526.9,6561.22,42910.3
1034510,570723,552385,2996730,1766120,325799,5253.72,3452.07,53459.7,404821,23336.4,64116.4
846681,499836,273047,2079450,1288640,168271,7837.78,4773.92,45494.4,177322,16534,67034.3
439451,270973,173331,1894640,1261950,113419,22794.6,4251.15,76779.5,286668,14492,39798.9
823274,489148,291582,1402750,863761,183053,9429.96,2137.98,12100.5,43564.6,11075,57069.6
1221430,695018,672228,4123100,2715620,449168,15228.6,3963.3,6125.78,344317,18721.3,63295.5
945096,515590,379495,2393470,1523720,238405,11321.5,2447.69,9136.69,76718.6,20043.9,39415.8
421793,274355,158046,1496000,1040410,107424,12966.7,2385.27,104698,113346,7365.93,43136.8
1002600,573744,666031,4140410,2122940,340159,6858.39,907.019,11207.6,261689,9595.76,42423.1
1112310,694618,613211,3742300,2588730,436944,8826.75,2702.96,107776,35815,16097.3,60136.6
700964,422010,305397,1699060,1069160,193853,17054.1,1942.32,54490.8,240514,19745.9,49612.1
861715,477651,348690,2023850,1273110,219628,4353.81,1854.7,108796,237534,7614.26,71765.5
623457,357631,296988,1568280,1066560,200930,9237.37,2185.49,48184.6,63181.1,9702.71,61109.1
726529,429883,344055,2081090,1306830,212840,6789.02,1077.27,482106,143975,18168.3,67647.6
961594,581391,308128,1881960,1266240,206604,24072.2,2729.35,97073.7,162695,11555.4,38740.8
709252,413268,497389,2833070,1834520,321137,6903.38,3065.7,8545.2,123556,8274.45,57052.9
484277,336102,223802,1331880,926542,151273,15119.4,1580.07,13062.3,32374,10356.8,13856.5
799955,518150,319672,1760660,1180820,216480,11141.3,3238.17,124495,44285.3,8502.82,75040.9
754965,481023,261853,1393690,949324,178465,7262.07,2059.85,26888.6,77594.7,7778.86,55158.4
1426720,650609,486374,3837540,1863620,273264,14699.1,7693.61,9217.47,59694.7,14352.4,61571.9
518483,332588,303231,1646890,1099920,204372,12931.1,1955.93,130903,52041.2,8700.23,62043.7
859820,428792,285836,1719550,778886,135546,8344.62,3989.87,150604,181895,16330.5,56178
944680,505542,290110,1731610,1013440,172448,6375.08,2067.24,34549.2,69161.3,10675,53244.8
624155,372417,198935,1439350,966394,130889,10038.4,1335.16,243369,26386.1,13693.8,26895.5
1148050,578817,561055,3040350,1531220,279725,16097.2,7730.92,77730.3,77293.4,18562.8,54063.9
1244460,763749,444135,3125320,1801100,253700,23779.3,1158.08,15876.4,373004,7943.16,58555.8
764487,403698,211611,1403050,569776,87115,15952.2,4181.33,5277.82,28010.6,10612.6,13311.7
961770,635551,349293,2681450,1956480,252848,15400.6,2158.17,12253.1,40285.2,9628.43,58395.7
686154,425510,291754,1606950,924460,171039,9631.75,869.915,76341.3,189160,7816.4,47613.3
559341,413691,144534,942902,689365,106908,5653.3,1242.54,9239.79,34019.2,7252.69,7374.87
1134370,632114,409460,1782070,1120700,255978,10177.9,3649.08,88902,100909,7803.18,62160.7
984874,655832,316303,1538410,1017200,207449,8312.33,1157.1,29661.9,77113.2,6427.06,49311.5
863014,566104,319070,1428970,1002200,225197,11352.4,1814.45,86941.7,158879,8214.32,49565.9
1230770,663456,485681,2503990,1419440,291123,11482.1,3559.32,61836,101640,16076.6,76923.5
1044530,482591,431403,2641740,1246870,199627,10427.3,1987.13,240026,362171,8801.75,73142.4
1197580,500614,748215,4194300,2399820,288550,18727.7,5141.6,8601.95,96053,10302.9,105984
791436,455043,303929,1708640,1131740,198170,6699.36,1102.67,6675.54,150479,8094.67,62756.9
1062810,406394,384152,2810500,1190000,158658,16383.5,4519.04,51347.5,64464.7,10218,70336.2
901484,497039,424291,2380480,1406400,247858,12235.6,3455.88,9876.94,78299.9,9393.45,74370.2
894099,569755,252505,1308410,899059,171500,4783.52,2383.73,146208,252492,13266.4,54531.4
528836,284005,264830,2276610,1121350,132329,13119.5,1826.18,371637,212240,9805.82,54457
848465,464500,243776,1081210,534676,126267,11760.8,3149.43,85951.6,55842.6,7780.92,65284.4
493566,282409,402660,2857320,1702450,241150,10826,6111.31,39847.1,295956,14615.7,41652.4
753532,428914,286216,1891590,1038440,156926,10590.5,1969.89,11566.5,73345.8,6777.89,50644.5
761336,482075,293687,1699560,1085390,184346,15944.5,2054.66,12417.9,24905.2,7963.87,13704.2
897928,558164,343163,1980770,1186380,205559,4613.59,913.024,220369,362777,10108.6,71702.6
802406,416006,438273,2400080,1225020,217634,14662.9,2258.84,30460.7,69978.7,8233.45,37629.3
792894,492673,472326,3282780,2003540,291985,11970,1920.47,7966.05,272519,7609.9,48317.9
625374,370990,324506,2034100,1294460,197101,5951.81,2228.24,33765.8,137397,16142.5,42491
1053100,643181,338928,2015470,1272130,206664,16785.7,3513.45,13754.9,49178.3,6641.58,69799.1
1041340,611897,399303,2594860,1633920,250314,12131.3,2668.98,89764.3,279443,15130.3,68426.9
899733,547093,354799,2016710,1452330,254619,9661.46,944.163,121366,222679,8281.35,57048.9
553930,366300,394445,2169190,1545690,280548,18375.2,1876.49,12005,200054,9713.64,35171.5
692527,431133,290976,1670630,1090810,184946,9805.27,1359.01,326967,178408,7607.79,55135.3
739326,471278,266802,1536410,1207910,207784,15117.4,2086.17,42240.9,52956.3,7888.19,23980.6
564344,362831,241426,1631860,1084410,158614,11402,2583.79,140960,183785,6723.83,56486.8
644107,419721,258375,1740830,1121880,164832,14225.1,2949.79,115575,104006,8105.18,55508.6
919687,466877,321901,1724680,1001460,180261,4972.36,3783.49,67515.5,29192.3,17435.2,19568.7
1497530,780013,729693,4194300,3267450,508623,15894.6,1279.3,12405.2,140586,7107.74,81540.4
1033370,560016,477227,2352840,1507340,308300,13075.1,1251.39,66597.8,277319,9535.23,86060.6
1015000,661834,511617,3123360,2090910,346917,11613,1946.73,284003,271117,15701.7,57071.6
586845,370678,433286,2273310,1415310,265446,6850.13,1358.31,10706.6,186048,10064.5,52412
1199770,643168,669239,4185410,2750280,440165,9981.43,1069.4,5851.22,79085.9,8009.02,64913.5
829083,505605,330271,1631930,1032380,204863,8203.52,3240.78,7073.16,33689.6,8551.26,50046.7
724636,412140,230921,1021350,591203,131569,6777.04,1323.37,30940.9,17514.4,8465.34,11395.5
1324400,752951,413488,2534880,1566410,257448,14620.1,3531.56,19073.4,149800,11173.1,25834.1
1016350,534876,532730,3182940,2069610,336762,9557.99,3639.21,28065.9,48160.1,6532.89,99542.4
633960,418762,350996,1769120,1212280,239296,7609.97,2798.13,209405,78436.4,8639.94,75062.5
1162920,688502,552653,2633920,1707190,354007,16517.6,2301.62,55034.1,50596.1,9157.56,50521.9
927085,549792,358996,2285160,1388110,219032,12117,2849.1,89120.4,31931,6858.09,52491.3
644498,421355,209503,1416240,1069800,156644,12356,2418.02,60382.5,95281.1,11135.2,34072.8
583088,409647,295967,1551540,1115640,210741,8633.58,1652.97,105730,118798,6470.34,49257.7
997046,644692,250594,1351670,959605,174581,6808.46,2609.61,48801.9,41267.8,8138.72,55967
771394,442545,296479,1720800,1184600,198292,5150.01,1794.27,42947.1,175854,6338.03,53633.5
965921,395867,337755,3148730,1322340,158535,10283.9,1033.78,42157.4,93963.7,7247.66,31929.3
1201540,674378,364926,3714200,2006180,212043,18926.3,3727.5,5326.66,125224,8628.49,52447.4
1311390,729451,491278,3086210,1688040,272418,6724.01,1656.98,90195.1,30881.9,8573.06,56071.4
690883,439721,283260,1730310,1297170,211339,8396.87,1749.75,11243,41223.5,11099.2,48706
893601,484724,364864,1882580,901317,178574,7147.64,4581.53,6327.05,50251.9,9228.09,48298.6
1246270,654020,709757,4194300,3844520,399185,15947.1,2620.78,7499.71,118595,10164.7,48645.5
990929,522114,327512,2024230,1096090,177234,15324.4,1548.4,13321.7,35185.2,8516.4,52636
686943,460991,220047,1267110,890984,157024,7823.04,2106.79,41025.9,15458.3,11457.1,13013.5
672066,340338,246119,1332820,774943,146001,8044.99,2310.04,6970.99,31143.9,8898.8,16549.1
1037330,516208,431546,2686120,1449200,234058,9056.15,3985.94,77401.4,187483,16523.4,82437.1
753292,396625,541044,3067730,2130810,363484,7874.36,6143.52,17074.8,98965.8,13439.8,66748.6
880903,566124,306865,1564920,970332,194871,7420.45,2004.1,155088,239932,9044.96,64516.9
812374,501097,251170,1452360,914978,159799,5625.19,1548.11,174470,20212.6,6760.88,52014.8
1235680,508646,417542,2476310,951394,173390,18188,3584.69,46753.3,86950.6,17187.8,79396.5
630782,327634,220191,2011390,989222,103645,13170.3,2355.08,22144.4,224014,6427.85,41449.9
862564,502838,274116,1661960,1060420,172922,14837.1,2700.55,80959.3,32034.5,7620.83,60260.4
683877,424896,410721,2589890,1855880,300948,9629.94,3483.94,84928.8,273445,11579.6,65796.9
1130070,568793,485518,3218140,1688710,256838,12581.6,3295.25,24882.7,240440,8481.42,87922
603675,408012,266634,1444360,951798,183132,4688.45,2294.58,324376,31017.5,7344.93,69266.5
853053,474679,346897,1981810,1049840,192332,6924.43,1719.99,7337.46,237989,6670.18,65943.6
886542,530266,499490,2887300,1846220,316395,10101.3,3613.23,44616.4,195357,10046.5,63425.1
1048200,615297,360210,1765250,1180020,236974,10282.7,4066.46,7285.73,399349,18834.5,53705.5
1026760,595627,467606,2740480,1830530,311162,7388.62,4209.93,39774,48499.3,10605.4,56551.2
685488,441036,297624,1556160,1017080,193956,12148.4,7064.8,9945.56,94760.4,20655.6,35539.4
799507,424412,333011,1956400,1142730,193506,13881.1,2454.63,28793,36787.6,10253.3,21495.3
1269400,676352,831865,4194300,2980020,447461,20232,1981.85,6562.84,375443,14659.2,98627
892906,552504,286121,1369540,919485,194170,7895.04,1046.84,404431,273866,7402.03,60130.4
738401,434531,373023,3062710,1950150,230170,18299.6,2075.94,21644.3,247777,22764,56436.1
1082600,625099,428520,1806190,1073110,266885,17588.9,2530.69,34778.2,103838,7127.39,38341
1069160,414919,378756,2508140,1085350,168946,10092.6,3216.02,51899.1,195791,9308.63,64647
574991,363616,248828,1081280,698243,164068,11843.3,1804.87,11795.9,21262.9,6723.14,30438.2
1042250,454465,305479,2211190,1122930,175256,14239.1,4609.47,29145.2,267474,9788.86,63995.1
1001100,648009,290801,1463770,1030240,199549,7954.42,2025.91,7082.43,36568.8,7468.86,52430
487278,269820,351072,2098830,1301440,206311,18233.8,2865.69,93424.8,181225,13407.2,52979
679980,399923,294263,1711660,992680,171779,6528.54,757.753,11093.8,236830,24343.5,53183.3
820238,440898,426205,2577410,1552060,263599,6522.93,4211.74,5218.5,335978,9282.67,51293.9
799675,480545,338685,2173620,1431240,226432,13612.2,1194.82,13054.2,139088,7968.12,67819.1
615683,334890,245801,1848470,1036160,141068,8988.37,1697.51,104242,56427.3,7662.61,39722.2
795602,518249,214725,1193250,841860,149558,6717.48,4303.45,16042.3,19969.2,22249.3,18496.6
440538,295229,163265,1201820,904292,124330,10670.5,1877.92,63571.7,43866.7,8380.86,47434.5
1176250,721447,361141,1986280,1254740,234208,24862.8,1860.07,24079.4,230956,10980.2,72047.6
1351770,777356,290565,2805620,1440380,154799,14454.2,3526.97,58705.1,439454,12237.2,38054.7
1081170,639871,433252,2567690,1686630,279149,13779.9,3759.51,119246,312450,11710.4,84464.9
783884,454372,398680,2944980,1809410,245636,19627,4539.34,101362,337326,10266.7,72683.5
782275,431183,197385,903786,473517,105981,17710.1,3325.26,44745.6,91321.1,9858.53,54931.9
551560,361432,214176,1665930,1174380,153826,12921.8,2529.14,133960,250360,7031.11,38519.3
467334,307270,262981,2158980,1358650,169934,19106.9,3406.08,107518,49550,10172.9,61964.5
1155000,421835,452231,1844930,723594,184873,26925.6,2318.94,188363,168153,19386.9,73641.4
1036240,589432,512330,2689020,1605530,303510,15102.1,3339.7,179185,87341.5,9065.32,81196.9
587631,348424,412105,2920490,1584770,228370,11029.4,3052.01,13354.6,203755,7455.14,47872.4
1090980,626151,410256,2924440,1750550,244514,22623.6,5101.6,69011.6,61415.5,11382,69005.1
1367440,609176,426430,2567050,1129580,186849,22055.5,3482.62,50215.4,171967,10391.2,85561.5
765444,430422,280843,2027950,953456,139057,18747.7,4399.31,10583.4,127718,8592.48,75888.1
829592,477622,347175,1672320,1058340,224022,6197.27,1390.2,340368,146740,6697.97,54336
881356,361421,450338,2461400,1260480,230717,5328.26,1308.32,132762,181813,15463.6,91156.9
1479770,745191,634976,4194300,2720000,361051,29581.9,4804.29,37185.8,289815,11400.4,96370.1
1335520,651364,615239,2526160,811663,206852,17704.1,3973.65,6067.62,162953,7255.53,26096.1
943064,488086,533467,3087160,1877610,321726,11874.3,3732.34,5603.1,52249.2,8658.71,74684.7
1181140,695744,514846,3136180,1999480,318586,11658.2,2938.05,531095,392836,7535.29,70109.3
527708,352698,208788,1229900,831967,145080,15182.4,1756.35,8808.72,154234,9658.67,54161.1
918023,553362,380217,2267230,1470370,251774,7921.8,2376.93,67697.7,193437,7625.94,49783.1
911535,584375,339603,1979760,1339500,220988,7612.41,3855.43,31952.2,39060.5,7142.77,87858.6
1081090,496089,352695,1368590,808733,205931,15894.6,1692.73,40180.1,109043,8851.27,45579.4
787443,447957,425394,2280260,1379520,256976,16305.7,3905.16,85404.4,371466,18847.8,83945.4
1447800,642329,428119,1665290,759946,190342,16255.2,4602.83,33691.6,66181.9,10446.6,86709.5
1225150,640738,838339,4194300,3206380,570655,20543.9,1640.56,20001.6,204578,17159.3,78471.3
1232170,639552,346087,2156210,1488170,237932,7135.79,3877.3,182034,43022.8,12507.2,59948.3
589969,357602,262961,1424710,914873,164920,3884.74,1912.02,247896,156374,8707.75,54217.1
634650,368289,317711,1854290,1276440,218370,17046.2,1528.23,41036,64290.7,9659.45,47166.6
444849,278453,194602,1189060,842134,138121,11854.5,1372.27,23404.2,58316.3,6995.27,40150.1
772157,484555,345781,1959200,1421450,248152,4180.48,1788.34,8969.3,26406.2,6447.56,31311
1140930,753441,458859,3121290,2006340,297432,10699.3,4280.19,108767,79386.9,17450,71548.8
767273,415573,188101,831517,437543,98285,5150.12,3219.06,18992.4,126770,8244.3,59541.2
1098450,662221,448713,2820900,1768970,276794,7586.71,2587.36,10172.3,120947,6589.4,43983.2
637022,344225,424869,2260290,1387560,257779,4772.49,3264.51,58091.5,170738,10531.2,58400.3
964831,623416,511021,3164330,2425300,402106,6675.93,1215.77,93870.7,109034,6369.7,34061.7
658243,410911,343480,1905090,1136290,208370,5956.62,1218.05,352636,118642,9853.29,77267.5
1205060,662588,637672,3411290,2076790,396871,7671.01,4479.29,11513.3,40739.7,9892.29,49962.8
901269,529851,398788,2478270,1632710,273244,10748.3,1624.14,8559.58,45449.6,9191.38,55002.2
582682,340745,241211,1350060,964120,173826,12267.9,1508.52,11050.2,227044,11302,49953.8
646900,376304,278608,1597160,998800,173949,9338.51,1474.88,21057.3,37465.5,6643.2,60673
985156,642057,407515,3618440,2388310,268897,12370.4,4860.34,60743.9,108625,18162.5,45509.5
606490,384587,252362,1585510,976261,155886,21824,3642.6,8107.68,117320,15370.5,58192.2
859025,513392,267894,1592900,999351,169753,9813.32,2697.23,154098,56615.7,7762.44,24074.4
871587,514078,337788,2024620,1491120,247004,5703.39,1462.86,127424,55551.1,8160.22,22416.7
631092,363727,276683,1721440,1082710,178403,13776.3,1920.97,14729.9,230411,7408.79,32505.6
978625,527320,375543,1707810,988372,220750,7936.98,6505.22,5506.5,65212,12232.7,66589.9
1269470,588822,535943,4194300,1743250,246576,23852.2,5270.95,356747,442608,25021,85876.3
1102650,615218,557290,3299090,2169340,373051,12330.3,2300.46,342213,265901,15148.5,105656
1082900,603116,344287,2498120,1516030,211589,20864.9,1872.92,10518.6,29920.9,9983.5,68846.8
449256,234942,134797,952378,622448,89426,13579.5,2002.22,191332,106584,7676.73,13985.1
1206610,669512,382437,1902550,1079670,213091,9143.46,3118.71,118248,230121,10325.3,69269.3
870319,415102,411084,2020040,1089860,219252,22640.6,3199.87,141529,109694,10873.6,70186.6
1089680,629836,370097,2181040,1524710,259478,6237.91,1174.29,54362.8,117540,7335,66748.5
780483,500093,317995,1775680,1248780,215995,5096.01,1989.83,36287.3,179139,13708,58136.9
1005740,565855,400899,2615100,1467980,218894,10347.3,5904.17,26209.7,68608.4,10074.2,55551.4
974173,528199,366101,1935050,1122760,210180,6642.89,3255.19,232515,322673,10319.2,81449.7
622638,355265,396858,2289710,1662900,272577,17975.7,1824.9,57475.4,92512.6,8003.2,45907.6
1120130,624859,454497,2849930,2009430,320026,20113.4,3856.07,196564,258083,13270.4,38846.4
1053790,455456,442065,3406350,1168020,166032,12748.8,1847.12,10278.4,64566,6456.46,32607
794362,492682,411131,2439170,1722710,288731,5282.09,2004.77,83342.5,33799.6,16222.6,49481.1
581058,362267,233564,1230950,794996,146053,4645.28,1152.4,109842,212280,6997.67,46278.2
599828,332954,299815,1649480,915989,169132,6844.09,2773.42,12503.1,109333,6529.95,39736.2
768001,436133,320918,1600120,1055520,213914,8866.32,2113.35,13142,147197,6361.06,68790.6
1084030,406067,511102,2881590,1251510,216549,12009.3,3969.75,31907.9,58683.3,10258.3,74027.7
1212830,607158,772557,4194300,2645580,404070,12908.3,2198.29,96930.6,258674,7683.38,45036.3
404064,245375,212607,1865910,1104260,137142,14104.9,2273.53,176734,238931,7090.6,33610.8
890945,539778,330664,2457010,1513360,208333,9602.3,1218.24,430955,291125,9647.53,41533.5
943963,557562,479255,2971420,2232840,363328,11902.7,1001.49,43537.5,144552,6504.11,33189.8
660859,379170,326777,2322240,1566340,220464,11086.1,3315.71,7771.08,194659,7009.93,51074.4
747831,459870,335998,2024680,1381420,228191,7875.08,2304.76,181601,169934,15784.2,44670.9
676912,428613,177352,1158420,842592,123935,9266.06,2095.25,41538.2,47845.7,11992.3,34528.7
1336110,638945,561981,3514940,1846890,288710,14292,2347.29,149803,74942.5,7457.53,15949.6
659066,381285,347197,2011640,1261040,209091,14982.9,2010.09,195271,107686,11774.2,88740.8
479693,357789,106886,813956,609030,76134,6966.72,2224.46,31925.2,26631.8,6887.01,9903.52
774869,427329,410329,2165250,1251950,237527,3364.35,1041.86,370628,267241,8542.12,67423.5
801989,483168,274087,1287110,724500,152831,11228.4,1990.56,6053.08,54790.7,9026.63,61649.2
671953,411038,307243,1472600,942770,197457,5113.77,3773.04,75744.9,48536.8,17608.9,56203.1
692429,414621,181968,1351830,776158,102873,9973.08,1874.16,20205.8,49409.1,16370,22195.7
801337,517418,271133,1605460,1127440,193594,7847.33,3036.74,44081.4,108602,20907.8,45689
539912,357821,234808,1175830,735854,150546,8830.26,4504.64,52051.7,167459,14677.6,53130.5
724960,468044,262531,2085700,1409600,175945,15437.4,2379.92,76775.7,77461.7,7072.69,25241.3
942885,539519,504640,2972790,1625970,277266,8466.24,3055.09,179690,207373,13466.9,46925.2
756170,489613,224956,1543230,1050050,157831,6718.16,2277.97,360161,32722,9344.77,51820.5
551782,405108,212192,2113530,1427260,135611,13231.4,5833.18,67396.2,105842,14660.5,26897
860258,513835,387853,4194300,2553030,223018,16729.5,3930.12,8831.61,110284,9686.19,89660.8
859082,538502,285963,1737940,1001730,161098,5924.8,1971.65,199309,238318,7809.86,50006.2
969291,572531,399949,2384460,1469730,253632,9898.88,2102.41,44846.6,90316.7,7224.95,65909.3
595702,324621,403047,2397950,1400050,231009,10335.7,1757.39,10994.5,91956.4,7407.75,52729.2
712560,451344,260844,1511790,879151,155958,9187.22,2207.14,107138,246621,6876.1,57499.1
521175,318782,180275,1024440,637992,113214,10537.5,1280.58,53322.4,41750.2,7439.17,10421
1087480,560450,412668,1907080,1267400,269885,7899.32,4896.96,387175,450929,18587.2,95744.4
1250610,613632,640747,3740630,1924430,340549,10157.3,1483.06,9639.59,51245.4,7498.89,102196
664500,419918,286451,1697350,1142950,189629,6822.28,2010.91,240965,38778.1,7881.26,60696.5
702209,422627,260683,1496560,941886,161898,5563.16,954.474,18697.6,115554,7305.75,62097.9
700754,444159,351111,1960450,1320750,239888,6055.38,2570.97,21921.4,23391.5,9741.32,26781
762173,448817,554490,3039750,1959540,360949,8723.55,1334.06,13771.4,278694,16016.5,86195.7
629715,444449,302964,1775810,1223800,209108,2334.36,975.741,78247.8,234052,10059.4,35130.8
965251,615366,357347,2792260,1928730,244867,13853,4074.34,5312.51,56002.2,14754.1,48011.8
1167500,685496,459763,3805480,2007620,241475,15533.6,3352.75,150077,75794.7,9003.03,58364.7
612026,393634,341219,1970300,1338400,230212,15555.6,2722.98,161125,65357.7,16567.8,73701.8
651004,400605,243081,1242450,884379,166931,7735.96,2385.48,12858.1,107469,8673.11,72870.8
518971,341542,259728,1473730,1019560,178901,3179.51,1833.95,165761,213029,17565.1,62032.3
611271,434088,209948,1205480,881523,156935,7732.57,3116.74,9320.87,103316,7818.76,56041.3
1136090,566586,409153,2617360,1183480,189996,6743.06,2937.62,13125.5,31189.2,8348.63,51558.9
755310,464295,343256,1382710,845131,215237,16542.5,1543.96,10785.7,161948,7785.71,63988.5
699338,462058,270990,1538620,919133,162291,7999.58,1256.92,79777.8,229891,16745.5,62266.6
829443,523492,288054,1727560,1154310,182437,5870.84,1205.28,36485.9,261259,7135.85,50085.3
918060,612185,419575,2923320,2025490,294860,14444.6,2072.4,29790.2,73254.5,7402.83,39745
1166400,582065,488323,2319490,1430010,298328,10196.1,5283.7,60626.6,387771,18929.6,72943
678961,448410,355509,2649870,1908090,258836,10650.2,2032.19,87285.3,150594,16197.5,46633.2
674598,461148,244293,1389180,1009960,174120,8442.7,3177.85,8184.69,45975.8,12587.2,14847.7
1185380,613666,397672,2326840,1213600,210781,11294,4025.6,77906.8,39814.5,13124.2,75810.6
526237,342680,200487,1623460,1039330,129414,7911.22,1745.21,6581.19,51781.3,10102,43222.7
1037910,624633,315001,1399730,870574,192781,17365.4,1192.07,148856,254264,6947.48,16060.2
759620,476494,367319,2147920,1440960,250873,6745.82,773.848,67165,23313.6,9901.35,44668.4
1443080,741626,494402,2203540,1410320,318617,14856.2,2713.76,29950.9,52532.6,7917.82,43575.4
1351350,620012,415446,3869380,1476860,204120,17149.6,6375.66,54132.2,87304.3,16613.9,81216.2
477476,353039,90986.8,802096,628838,73751,6332.06,912.924,12563.6,16585.5,11152,6264.23
713144,418066,251390,984768,681571,179553,8719.24,1521.35,130134,225165,8204.32,71624.5
669479,357870,372009,2158530,1446950,246781,11192.8,1525.86,19767.1,38784.2,6656.66,50686
389329,272426,202501,1194750,862644,148114,7013.18,1660.2,26537.7,92262.5,6967.01,71527.4
832180,518657,211832,1692250,1182430,146992,7131.12,3185.75,361520,66947.3,13503.6,37636
392447,250792,144883,1188250,820119,101030,13169.7,2002.29,170051,38606.8,10099.4,29299.6
1062440,655100,475454,3292880,2177260,315821,16864.2,3226.43,11137.5,80421,8186.32,80076.9
808405,433775,512350,2909300,1792320,309763,11304.1,1061.79,127882,45217.8,8710.18,85894.9
965591,560042,330024,1694710,1092180,211195,14844.2,3958.98,120817,104824,15303,66830.7
1121880,670267,584635,3604680,2244400,368370,20688.1,2516.66,386862,160594,9665.71,66701.2
562750,357268,284305,2581000,1570900,169847,24671.7,2412.45,9048.26,203563,8521.03,40102.1
1105840,680952,374659,2200310,1494550,251217,13036,2824.73,27798.4,232059,8449.36,98023.9
789179,453949,361895,2150650,1178340,207169,8128.17,2086.07,9838.76,215652,10090.3,37723.6
1624880,807812,838012,4194300,2511110,443043,12331.9,5832.6,10273.3,73766.4,11520.9,93114.3
1045870,603037,404073,1679960,930825,234433,9364.89,4462.35,9438.48,47249.9,14231.2,75901.7
1139620,582355,636962,2703730,1615380,372071,15916.9,3498.64,9796.56,112158,14198.7,81733.5
834802,468583,473069,2764860,1867320,305787,4725.91,1291.71,161446,428959,13309.5,71284.7
944142,587591,323770,1684480,1014460,200152,9533.6,4673.8,29085.3,129266,12384,63380.7
568645,284027,196114,1108360,536913,97404,12744.4,2868.01,84952.2,20560.9,8051.9,14819.2
528571,365794,204167,976305,653017,143557,10788.4,2663.06,44829.7,85779.2,7820.02,63202.7
469331,284329,175411,1317010,900348,118412,9207.78,1453.35,126268,40680.8,10775.4,40215.1
1001520,535068,339908,1414480,803644,188704,8920.29,2671.63,37754.9,352117,9237.5,45018.8
797262,460639,450705,2586900,1448320,252342,11482,5428.05,10967.1,69562.9,9330.48,69817.2
960313,569405,328740,1840270,1172060,204769,12555.3,1050.92,269332,95804.8,9559.88,55897
982656,597397,445889,2116050,1419480,287631,7835.46,2169.53,333836,189128,18810.7,72206.8
911360,476788,347446,1785260,1075370,207876,11482.7,3685.1,207584,326686,19208.7,87527.1
444100,299590,164724,1343140,938382,110357,15972.4,2017.77,10434.2,63702.4,6512.44,33499
1367850,707629,471635,2846800,1703640,292637,9837.26,4633.77,6540.59,52172.1,8209.07,25841
714595,465468,277249,1588160,1114980,198092,4456.27,1828.48,54507.2,151014,7621.78,28962.2
1158360,675675,409055,2756860,1785640,272578,25915.7,5435.36,38359.7,351264,9967.7,76734.4
656580,384952,333416,1898420,1182230,207278,4819.68,2359.31,140642,49529.5,6398.73,36824.5
885453,547417,265753,1820690,1216770,178393,12793.7,3301.56,133308,156103,17973.6,42648.4
834968,467200,302967,1651980,972728,182776,7314.16,1559.45,12375,83056.2,7304.08,56989.8
1031670,570122,631319,3474620,2174320,393420,10076.4,3248.58,7181.07,69534.3,12560.3,57905
889010,540184,322731,1419090,802329,188093,13220.4,1729.46,31717,66398.1,8986.18,67165.9
581599,389173,217518,1210000,792052,144245,3763.42,2605.99,8780.34,104771,13817.4,54942.6
766142,499965,364050,3125080,2063030,222576,16075,2714.75,280102,163944,9083,53194.9
1049070,615364,320849,1717670,1210980,219044,3885.82,2318.35,448816,364565,14609.9,48843.4
803515,448592,247630,1267260,690442,137677,8097.83,2157.11,155382,282404,9336.54,54348.7
836879,535237,233208,1343950,931776,162143,15797.3,3002.5,100863,26979.9,7240.68,9826.66
397265,216228,176523,1172520,705471,110080,9112.38,3289.99,11905.5,25608.1,9205.02,11145.5
737232,382376,468918,2536400,1346120,236755,12551.9,5289.31,28588.6,75490.8,16557.1,44380.2
956047,601117,350245,1693480,1069850,216133,7595,4702.91,45073.2,242587,6454.1,54362.3
668729,433019,361351,2097000,1425290,242331,11141.4,2266.38,188931,70142.6,9524.88,59104.8
1101090,645719,555316,4072970,2259720,301219,12522.8,4682.27,9404.35,111142,8262.39,77577.3
541842,292863,225851,1199470,688332,130106,4678.92,2725.53,53890.5,16341.9,6443.92,58367.3
863377,513135,384269,2023800,1301460,247434,5519.25,2779.67,89321.2,230650,9270.66,50076.8
532324,339390,335311,1943260,1300900,226375,4562.45,1186.11,166740,230666,10232.6,57567.7
967689,551424,411126,2406960,1150180,192418,8138.24,2849.26,22025.8,51528.7,6891.91,79995.9
471229,290125,163871,824663,560129,111465,11158.7,3064.15,21003.1,317298,7915.66,51270.8
1055300,637783,407295,2012700,1281220,252348,13014.3,3187.68,22638.8,44718,21656.5,38414.8
1075830,402078,496688,3577640,1884530,275599,21416.9,1780.07,103720,388714,8861.79,74111.6
613211,382994,253034,1229300,724145,157442,4835.12,7725.34,22183.8,318446,20846.7,45785.4
792543,469136,487455,2785650,1584410,279351,8234.22,5841.31,10183.4,60594.7,10210,48247.7
980225,561782,313811,1952790,1331550,215731,9212.92,1626.77,496378,43596.4,6521.4,63427
985654,591474,261602,1623530,1112290,182243,10705,2826.33,32060.8,30624.2,10161.4,39241.1
761070,491498,263218,1450440,953468,171825,4825.18,1597.43,143345,93862.1,9889.29,37528.1
1475870,904920,414168,2120720,1288540,262843,13539.9,1820.91,16860.1,373406,7676.41,70202.3
683802,429827,347246,1967040,1254910,217936,19357,3216.21,85934.7,89924.2,13623.2,29368.3
894208,580507,264213,1895130,1330210,184577,10682.8,2043.83,97876.1,213127,8454.84,52895.3
504621,305066,307498,1730660,1086780,198449,5839.62,1447.68,27390.2,88758.6,8800.58,63337.8
846130,479667,310792,1907990,1284450,203362,18719.2,2754.9,11011.5,37009.5,9946.13,17780.7
697593,413234,202766,967814,578339,118000,6914.1,1394.3,10138.5,45162.4,7531.35,25030.9
759184,352813,404023,2073850,1013100,205672,10027.5,1610.53,14799.1,350372,13492.8,57184.4
633689,411760,260909,1601860,1128070,179575,11747.5,2030.9,58458.5,38308.3,11714.8,54185.2
830584,529281,314940,1913680,1313440,213759,4097.89,968.466,389863,62176.9,17628.6,73472.7
1209620,452174,669332,4194300,1853880,272940,24129.8,7070.32,18082.4,426790,10360.5,76160.5
529424,373391,178778,1507780,1069560,128216,13902.4,2846.21,89703,251330,7533.53,44823.5
732704,469770,206020,762184,473337,134701,4412.06,1385.23,90135,29950.4,11125.7,29704.9
1054880,501166,678503,3888710,2082310,355542,17623.7,4438.89,24489,352099,17855.3,106147
595538,412922,181255,1318920,919751,123343,8309.46,2929.65,14273.8,34375.6,17034.3,46778.4
415252,233974,234630,1917090,1229520,149291,17150.8,2555.11,159875,165229,9308.58,46374.7
678812,423611,335199,1925610,1226220,208683,12729.1,1566.17,116109,191931,9880.22,86639.2
493107,242714,225533,1402390,760291,126729,12876.7,1805.43,5802.81,64328.5,7895.75,39527.9
710630,479724,206881,975808,648659,138032,8250.91,1663.73,6651.77,126755,8822.09,35473.2
863290,507210,393587,2300760,1461310,246224,6766.44,949.7,13025.3,33009.4,10673.9,55405.1
1078410,437772,520208,3032760,1401980,242363,7806.22,1402.93,21475,117832,10706.6,72553.3
741916,450693,360331,1933700,1308230,243612,5741.77,2849.73,213784,387066,18765.1,81395.7
620701,422432,234514,1823730,1280110,163212,10601,2739.72,356003,241658,10175.8,48298.3
593271,331996,275663,1926770,987788,132042,12448.4,3133.73,34651.9,116808,7645.28,43255.2
449567,282028,263108,2552190,1522180,155861,23070.8,3761.91,18216.4,90263.6,10881.2,44392.4
988450,400658,371282,3233850,1305440,168969,22971.6,4847.67,59054.8,65236.4,14095.2,63698.9
1409200,842907,355880,1690000,1051060,221704,12174.5,3652.57,6809.55,83432.9,6350.65,73164
1033850,632854,334654,1771600,1251970,229611,11011.5,2619.99,70447.4,68866.6,11247.9,46158.2
849960,469735,359865,1958950,934892,179985,9444.76,1478.75,78667,34680.6,6351.77,54343.2
984948,656117,507976,3008550,2075070,352766,7280.28,3014.83,281739,203561,12066.5,50815.8
759746,472008,232984,1855110,1229730,153675,11211.5,2307.82,7758.86,52101.6,14701.6,37602.9
904308,542342,271702,1585640,931981,159869,10561.3,4742.97,164413,147015,21420.1,83338.6
959053,547067,479637,2621080,1482150,278159,6085.28,1521.08,153131,55394.1,9125.87,64735.2
781128,485141,330661,1844080,1291640,225777,7116.5,1483.53,137295,230607,6872.26,53087.9
691600,432893,400668,2410100,1517720,246961,3579.85,2358.7,276856,108407,17802.7,81601.6
657713,428853,235071,1188090,936779,185954,17937.3,2571.14,5694.55,175585,11049.4,54683.7
1419700,774613,875187,4194300,2939040,532199,7003.35,5871.07,5589.63,44578.8,6947.79,84106.3
629485,344621,316880,1678140,1098220,208515,21057.5,2258.08,25366.8,122983,12988.5,40173.4
945919,445123,400259,2220330,1068690,195206,3281.04,1745.58,525362,101874,9345.79,74986.5
697142,384776,343525,2340470,1254540,181803,16032.2,3926.28,57026.9,67086.2,9205.67,64044.3
1052030,647643,362398,2277410,1471730,230912,8303.32,2606.19,9789.06,33747.3,7895.44,80589.6
1112280,591087,333204,1496950,872939,199782,10052.3,2345.9,213783,138772,10110.7,56599.2
575715,307420,463298,2551240,1272740,256520,8677.7,2356.03,17704,215100,9102.07,40711.8
742105,413070,375230,2146490,1219500,217201,8164.07,2581.49,104114,225721,8731.67,89736
1245390,517972,430872,2283020,824921,165528,23813.8,4753.3,217125,399297,15428.3,96641.5
805576,548947,298754,2203200,1506190,204801,24152.6,6419.69,8194.35,86736.6,9292.05,60486.6
1145580,491018,512710,2854910,1451570,263676,8375.23,3085.95,33016.9,69811.2,16641.7,77820.6
505866,241386,350187,1965960,1021680,182566,5584.7,3559.74,14436.8,51179.9,7652.28,14144.2
677920,390273,316078,1745130,1081330,197242,14031.6,1412.89,9155.07,259093,10406.3,41181.6
751193,421699,339282,2096890,1406740,228513,10100.4,3808.24,188469,168942,8743.1,53088.4
572491,352187,250638,2089610,1349050,167722,14742.9,1354.67,205689,360361,10420.2,61332.4
496292,353081,195805,1645740,1269750,147153,11873.4,1995.22,19334.6,51628.2,7150.67,45182
960518,627530,323044,2210550,1545250,228279,8409.21,2825,377231,299079,12128.6,55329.2
947503,572314,291124,1628430,1086440,192509,10148.1,5952.35,210577,88689,15708.6,65423.6
774608,566360,251748,1969210,1336610,169452,21619,3527.05,118509,247328,6507.29,62082.1
1056730,463406,414995,2018020,935613,211616,18420.7,2494.56,93661.7,134686,20130.6,68815
743156,469227,348167,1804440,1346490,259935,3643.57,1565,34101.5,155575,6438.39,57178.8
1347300,686471,590968,3668600,2122610,351891,19315.7,4640.87,181630,271063,11400.1,94804.8
1073620,612133,306262,1827180,1265970,211422,10807.4,3654.36,14853.6,42482.9,8083.51,32835.4
1147370,707721,348200,1880210,1254980,232659,9779.83,1589.62,356172,108543,13122.3,53259.6
627044,369486,350438,1928160,1143010,217960,3579.84,1208.91,306459,244646,12206.6,58473.4
732766,452215,413465,1635820,1029650,259754,10204.2,1242.41,256869,235138,9624.78,73004.5
821869,504650,273001,1217590,872758,193811,6223.59,3444.82,53317.6,111446,9549.66,64629.3
953427,454585,650347,3697040,2094330,367388,7861.76,3350.03,5440.03,256968,11532.7,63877.8
742854,431331,296334,1836080,993222,156065,9486.17,3849.15,126902,141483,9507.17,58623
1277930,656592,443044,2580730,1230540,215855,9405.08,3048.78,53693.2,82313.5,11054.6,67524.6
617921,360066,320307,2610710,1699110,201469,19548.4,1946.48,24354.5,239088,9823.85,11267.5
1057510,438189,362648,2900560,1240560,168661,17917,7336.99,146101,150246,19131.5,80820.3
917853,578247,257975,1669470,1160740,176408,16884.6,1561.18,42575.4,39675,11680.2,68190.3
1104870,623976,421068,2983810,1793180,248232,14247.2,4627.61,7081.06,97054.6,7210.24,51717.3
862219,449789,616903,3333510,1318420,266369,7851.98,1539.22,87206.8,273980,11093.9,79583.4
602167,394611,285452,1584730,1082130,194679,5980.11,1655.26,99087.8,154059,7103.47,27588.6
548205,305112,314632,1848800,1192250,206962,10653.1,1418.59,7530.29,120782,16056.9,54385.4
792537,519543,237077,1269220,892336,166110,13727,1832.14,7029.96,90149.7,10520.7,44365
1279290,512533,691518,4167510,1886990,300077,21195.5,1530.81,14777,232070,14716.7,72715.9
1145000,537576,521394,2858020,1501470,282667,11008.7,2974.16,31365.2,209160,10149.3,61571.6
1055430,654110,304463,1230850,756016,192588,9852.79,2032.84,6780.61,25497.5,7350.61,32221.2
857253,541411,327989,1448340,926169,199452,19804.5,2513.99,17970.8,301628,9934.84,83711.4
603701,386486,347684,2059070,1352680,225002,8667.05,1206.49,40831.9,142038,6898.15,43594
760764,413790,321731,1849380,966593,164383,5069.31,1771.87,55311.9,151945,8496.58,40309.9
816328,490787,445171,2842170,1753450,273166,10865.6,4013.99,61522.4,56962.9,9139.07,78472.8
1158650,664424,364873,2452710,1812550,274902,11653.8,1562.43,6486.08,34297.9,8276.14,43834
936149,533265,510771,2860780,1560770,277886,6757.89,3851.63,19572.2,31712.1,8566.61,58036.4
1085940,455951,350017,2593690,1292340,197980,24018.4,2473.89,34173.8,351775,9544.87,75477.1
665849,388473,243615,1968190,1211440,147418,13824.8,3145.92,35759.8,27642,17378.1,39851.2
596280,406439,266299,1409480,1005780,187979,14204.1,859.615,24501.9,266084,10069,61499.8
677862,395305,275102,1659800,1075260,179345,8481.52,2073.49,11708.8,79267.5,6827.45,25914
872104,508843,395832,2325360,1445410,243056,17640.5,1847.21,51024.4,323786,9100.27,61810.2
879280,475582,187258,925851,473427,98641,7922.77,1203.8,19926.4,17303.2,8969.86,48949.9
727903,448247,229030,1191890,614772,118915,8438.65,1805.68,12374.3,109405,12123.9,53149.1
953806,539527,449201,2459880,1364750,247130,7081.72,2984.34,66541.4,76850.4,11913,71041.7
650728,406021,235364,1251910,795315,150486,5101.15,3044.92,50919.8,67438.8,11110.9,19986.1
646478,342776,358567,1865520,1145340,224440,5769.05,1995.84,56900.1,155569,6675.22,44922.4
866138,503880,233712,1170550,655946,136546,5878.89,2164.76,212168,38540.2,11369.7,46716.7
978084,591640,334296,2149650,1540780,236853,10089.9,1242,455902,304947,7415.57,68112.1
851249,438639,344413,1625100,934072,188643,7674.66,1596.29,46095.2,33995.6,12986.9,28824.7
894212,503469,335827,2222950,1344580,200649,10417.7,1536.4,17361.1,34630.5,6346.19,31449.1
462989,309019,240154,1421460,940342,162159,14185.2,3001.4,37120.1,367238,7749.39,55429.9
595884,392536,262075,1544820,1040090,171321,9196.14,1160.52,36176.9,36093.7,8242.49,40879.9
744300,436670,422940,2372680,1529320,275766,10408.2,2295.36,191571,223037,12040.6,68845.4
1219510,661930,569201,3471990,1586690,275583,14235.2,4780.58,15950.7,122971,21983.6,76484.9
354980,242853,276394,1567110,1106130,189973,10124.2,2099.98,29932.6,108774,8171.9,61694.4
1135050,691868,403714,2475240,1710840,274317,10314.5,2418.97,16615.8,157653,7093.55,77250.3
1134710,629745,443218,2050050,1188810,253109,9971.63,5046.7,11914.8,58007,12231.8,47002.7
667103,329125,398214,2331720,1394680,228948,6631.37,1021.12,15210.7,73783.4,10838.4,51802.6
766596,465505,283535,1713570,1045740,176600,4693.29,923.444,203681,178133,10574.8,57347.5
933046,500779,425708,2450730,1382680,247934,9139.55,4621.26,12557.6,81104.8,6721.63,83624.6
985118,604761,328003,2213170,1193010,181154,27997.7,4188.12,5750.69,170684,12783,52125.6
1719610,890566,633361,4194300,2849870,377696,20966.9,4050.16,28828.3,40389.3,11584.4,47583
732766,467864,277721,1305590,916266,191523,7532.37,1971.46,7071.46,42688.8,13877.4,49257.3
951402,563961,207808,860625,566005,138312,11308.1,1710.11,43441.8,148937,10097.1,45233.5
532825,373881,299064,1829890,1305360,213067,4780.65,1503.05,18304.7,239707,9821.46,40144.6
930758,538226,486091,2077370,1492240,352491,6601.83,3515.28,24399.5,28657.2,8202.76,15297
796008,459982,430098,2768720,1752520,277609,14844.6,4372.52,7728.07,456885,8180.15,56712.3
632465,442300,234649,1115720,758691,160689,6716.04,3119.17,25000.5,19641.1,10813.3,53062
585801,399669,237599,2234880,1485320,160774,8875.98,4220.82,5917.17,262022,8309.26,32093.9
854923,531156,566519,3907250,2487710,349935,8127.49,5173.44,28936.2,62475.8,11101.9,63517
1088570,430559,318174,1731110,603577,111684,4636.13,2327.75,130500,206611,14031.2,76987.9
572218,285838,236337,2079530,1013970,110111,10294.8,2346.5,10486.3,196459,8493.82,25050.5
839030,483570,254929,1147970,799616,170851,14084.7,2820.9,25134.9,275977,16732.7,81105.4
696982,418810,333694,2311680,1433400,218590,7528.54,4531.76,99082.6,88744.8,7030.21,46126.1
696504,380821,287825,1539650,924467,174894,11413.3,2693.34,221506,58458.5,8045.97,68180
1232100,482269,720206,4194300,2945880,401788,28861.7,6105.78,15429.9,239318,12760.3,80542.1
1096270,436519,494709,3711420,1438070,214623,17328.8,3438.01,7050.13,149964,14428.7,46497.2
1095140,636822,419043,1968870,1007950,216340,10254.1,4735.69,44606.9,64635.7,8239.78,75600.1
1145720,576055,655937,3727250,2084860,371621,13191.6,3146.66,11944.3,97266.5,12485.8,108506
581233,356967,333673,1873280,1102940,198905,5856.91,1293.99,394341,208547,11614.4,75530.2
1196440,499117,592303,3329560,1410730,231339,8604.3,8164.61,25343.7,44536.8,22113.7,80812.8
490340,326757,200167,1648890,1110200,124968,7688.77,2609.39,85639.7,78481.1,8718.04,34049.2
456817,314636,122077,1048440,798016,92731,8520.19,1255.08,136478,21643.4,9178.78,37057.9
1031750,623882,490494,3684090,2399140,336269,9218.8,4140.63,7203.87,118732,8191.18,71430.9
910025,556837,239170,1480210,886023,143310,10316.3,2315.85,17286.3,65909.7,7602.82,78373.8
582449,342070,307794,1911440,1263180,197811,8348.68,5261.46,14922.8,58674.3,10521.2,35564.6
731426,409502,481704,2970720,1800460,279235,3894.03,2287.42,44514.7,88885.3,12480.3,78137.9
665199,444957,166503,795354,562551,115574,5413.63,1484.96,14855,18493.4,6736.64,14109.5
1545930,838230,581225,2946670,1670470,329255,13146.4,4221.5,499747,409216,11427.5,82390.1
694466,460441,198255,1287980,908486,138816,17038.3,3523.61,10630.7,47465.3,8311.15,53597.4
1191420,463401,437764,3205180,1264500,187810,20090.2,8421.93,127608,98789.7,17055.4,83252.1
947082,437897,453057,2570690,959583,171241,8906.31,7734.2,11857.2,55962.3,10713.9,22610
673336,419263,353768,1844800,1095820,221010,6617.93,1213.3,315888,45699.1,12943.7,68768.7
796928,485468,364229,2018160,1163430,211926,8062,1431.44,6487.12,139165,6734.66,84021.4
1001120,642520,238517,1527560,1101180,170580,8571.59,2159.91,349852,92433.3,6697.47,67647.7
782641,430852,338943,1988980,1380760,225049,12945,807.384,226756,35663.1,8342.98,79737.6
936976,584537,328824,2290900,1489550,214277,11134.8,4886.42,5425.5,371839,6602.79,67651.2
689007,394317,530042,2920850,1752280,323180,10058.4,852.091,141100,201985,6386.75,79285.7
903572,485956,277942,1180540,706447,164115,7980.08,1721.27,15141.3,24915,8578.05,40357.2
1002410,548841,380511,2290050,1553080,253795,7027.19,3613.98,15110.3,33100.6,6362.49,67258.3
829918,502714,340620,2041000,1287110,212095,18125.5,2328.72,7355.78,78061.4,8748.16,61127.8
528631,360668,234942,1318830,941034,168783,13716.4,1739.69,26818.2,27486.5,7127.8,46055.6
748797,387362,438323,2533240,1352660,231748,12760.3,4200.84,13430.2,66671.9,12562.6,62426.4
849017,538450,301795,1628010,1111710,201773,8185.16,2832.45,14936.6,229296,10702.5,47134.4
826048,386186,367711,2037080,1082200,190213,3427.26,3249.49,146413,85446.5,11663.4,62547.1
937227,577009,404530,1776570,1203930,277737,15615.6,2387.91,63686,55839.3,6896.8,43258.3
1074070,643656,515934,3634930,2182700,309691,17664.8,2385.8,10680,327114,10143.9,53950
806758,444926,337649,1794480,894432,175427,14830.2,1434.9,17202.5,22358.7,7703.08,47824.5
705580,432948,348712,1876700,1248070,233256,9129.06,902.069,77664.6,34131.2,12915,57499.2
1022840,498246,515688,3504220,2051860,310641,14862.3,4116.34,10698.1,45075.2,13726.2,50189.3
641600,380000,249274,2009850,1336100,164086,14663.7,2329.99,14256.5,52891.2,9833.11,51830.8
955506,595727,242934,914568,633711,172581,11218.7,1989.19,244157,333432,7443.37,78094
726622,473108,539826,2993750,2047360,360829,7235.83,2152.46,72233.9,233494,23298,64923.6
916976,496958,551546,3281910,1764170,295135,11175.4,5542.98,5318.09,77389.8,7128.66,62219.1
1240440,562144,278458,1842140,874619,126854,10807.9,4138.21,9491.88,37372.1,12978.5,26693.6
734111,474054,328999,1856320,1146640,203247,10361.3,1875.33,5442.77,48114.7,7335.77,53535.5
653865,427445,281409,1975880,1420980,204112,16863.8,3202.62,61664.3,41197.5,9704.77,39092
711024,416921,430308,2540960,1707820,279763,4721.76,2105.61,166906,329410,13138.3,44025.8
888534,553516,360776,2215090,1445100,233283,5493.94,1432.84,71107.3,252496,6788.21,38955.7
690324,365891,273564,2379480,1409950,165572,25147.1,2980.26,13867.8,380305,13298.4,58481.5
1795280,929322,558493,3396900,1663810,281561,14843.2,6899.19,6467.2,116828,8565.71,92787.9
780250,455156,321337,1687680,920418,173109,9181.39,1860.06,153033,160765,9887.11,68981.5
798162,536296,235105,1319240,953984,174416,5311.73,1682.08,31088.1,20573.3,20101.8,24041.4
706381,445763,167545,682514,421096,107878,15648.9,1463.56,21123.8,50908.9,7233.45,32335.4
1430950,659350,782198,4194300,2756260,410044,15353.5,7677.24,72951.5,278566,17133.8,29497.6
866552,537408,265353,1644450,1004570,163517,8606.74,1232.32,81568.8,167190,10467.2,41823.5
838235,506987,479809,2768110,2038210,354147,11713.1,1597,39982.8,197723,7538.29,39996.3
920824,538763,404229,2386300,1418130,247825,10878,970.105,59589.6,190261,8137.72,66753.6
655027,421012,242855,1715080,1254010,175051,15822.1,2899.92,15958.6,239025,7822.05,43382.3
1006220,551988,469165,4194300,2368600,237598,10909.2,4153.09,8993.46,86545.9,7946.43,51842
753490,506311,191412,1378920,971940,136673,12773.5,1304.06,23594.5,56602.2,11457.1,43100
860549,490654,419363,2597520,1676460,273552,10084.9,4840.02,61632,97276.9,15910.7,63771.7
807257,511328,222636,1506980,1070300,161087,21993.6,3179.67,426286,243448,14470.3,41455.4
623340,392362,180553,948974,617008,115969,10347.8,1680.78,85848.8,31220.6,7582.34,47800.9
801473,460925,434621,2356340,1360490,243702,7643.26,3743.31,22509.5,68799.7,9561.15,66347.6
857834,533598,402967,2811730,1772820,259412,10713.9,2817.38,24916.5,50511.6,17030.3,59376.4
640241,439902,154956,1028220,670116,101862,7314.8,1586.12,33105.7,26658.2,13894.7,25033.7
576502,321314,199004,1652460,1107110,134826,17470.2,2581.21,179401,186140,9531.36,43451.2
799407,314250,410034,3793810,1728570,214068,14494.2,3311.23,35223.1,119971,9066.91,36902.5
715859,433202,307231,1695770,1212070,218719,6651.84,1458.04,77187.9,159916,6385.19,33579.4
1384320,718192,797137,4194300,3096300,463885,30227.3,1905.29,231145,56477.3,13935.5,66484.7
846470,417413,249654,942572,531199,142215,18652.4,1695.91,5642.71,38277.4,9877.58,10268.6
873207,473248,332692,2311910,1216640,163491,17789.4,2620.6,5145.66,201883,8616.81,41874.1
1159930,589242,566101,4194300,2391000,322959,19734.3,8557.45,9081.56,93177.7,9477.62,27175.1
1007300,550356,371205,2124460,1314680,225649,8668.83,2486.81,87799.6,294935,13749.2,45159.4
937098,376757,536730,4194300,1422780,205007,23791.4,4428.58,236263,271895,16955.8,80668
811480,442238,335486,1997580,1253300,202499,5960.21,1928.07,8772.68,24508.8,12068.7,22572.2
626904,334352,465278,3691940,2247700,285862,8424.28,2288.2,69572,138523,10513.7,34704.5
854391,537586,355105,2099650,1506850,249164,7697.32,2854.01,27241.2,34575.3,11188.2,33410.8
720178,469947,262081,1382040,1008320,184138,6456.99,1053.12,16424.4,32150.5,7998.61,40500.3
516300,335849,306175,1576010,1142630,217059,6744.76,2373.02,10287.5,30657.9,6628.97,54638.6
1006240,592567,372917,2270960,1529670,254031,23360.3,2684.43,8769.88,143670,13823.8,45581
1001580,389030,340129,3003480,1145450,143635,21831.9,2211.5,39746,60177.7,15483,74140.9
721562,373920,239805,1992380,1119020,136844,21447.2,3080.72,87768.6,54661.2,9946.28,12548.6
1113600,590638,309566,1381010,860365,196733,15408.2,3835.36,230714,303353,8504.57,18233.1
1420280,673789,640928,3929090,2016100,339157,10724.2,8332.46,5292.3,44620.3,10295.8,46855.1
1051950,681838,318600,1536010,1082600,227396,12735.9,2634.25,7926.16,65676.4,8790.67,48101.9
1227580,781115,540021,4152360,2692720,357038,7856.99,2128.69,132737,134398,8166.06,42138.5
1323350,644337,442491,3038340,1627760,232462,14984.9,5749.35,10539.5,98370.6,9268.18,52386
663338,395697,262128,1639880,1101880,176263,2466.69,1168.93,48536.1,16117.1,8405.11,51998.2
869154,501449,248896,1157470,774314,160166,7022.95,2653.11,292822,182891,7852.54,71802.1
771852,375933,267242,1597370,861367,146618,8784.66,2618.52,203236,45645.5,12036,17731.6
1632230,881359,588928,2600840,1539780,346772,13895.1,3370.91,8001.68,154875,9932.67,102262
914427,508104,312700,1502690,917737,189780,6565.52,1888.27,7270.54,40469.2,7355.44,51981.7
883783,502191,492028,2843990,1855280,309226,20135.4,2694.73,79349.8,223609,10253.6,94156.1
411339,290668,152196,1421380,950928,104170,9695.93,2014.63,48342.6,44529.2,7893.05,40192.9
996931,608150,468250,2607940,1523340,273784,5809,1499.73,70553.8,233586,8721.3,74979.7
726283,480736,205060,1416610,980077,144036,17067.9,3771.82,47653.9,83810,6948.52,55556.2
1481550,673481,470696,3423050,1285700,187545,12091.1,2704.58,91282.1,66486.7,7828.94,69343
883550,502149,440816,2441950,1609070,297015,7976.02,3941.89,66222.9,62587.9,7140.35,82850.9
1031460,396825,581336,3234400,1216840,226677,10085.9,3699.71,86293,303194,18282.8,81109.9
1056100,673017,333415,1762580,1217090,223048,7557.14,2322.92,290342,176788,13853.6,66861.1
922003,498571,313238,1280420,800316,195830,8986.6,2226.11,67916.4,403575,6359.85,55573.7
814647,349464,390667,2541630,1035470,167518,18665.2,1601.81,12573.6,40400.6,6877.65,50209.2
693943,422680,308129,1663050,1019310,191187,9090.69,1893.07,9076.14,272712,8202.79,43016.2
767383,461806,351473,1945170,1311510,230492,6771.19,2690.52,5159.2,311503,8169.4,61311.2
1197200,641689,666240,4098480,2273550,382355,9835.4,2964.3,5510.28,250738,12199.4,65233.6
415649,233978,300237,2225750,1606730,220338,15413.6,3042.62,28878.4,306006,14031.5,42469.1
1147350,698130,482452,3131890,2154320,329630,12977.5,2908.1,11931.5,78905.7,6407.26,63753.4
1002640,413864,447276,2425800,1312030,236671,17754.6,6488.87,65071.4,68369.8,15078.6,22915.5
942777,413201,255644,1635260,819998,127981,20535.8,2065.74,22577.1,26802.6,8389.08,12797.1
1091870,435120,278663,1356330,602306,125942,18997.3,1475.71,56846.1,89404.2,6614.59,64341.2
798363,498158,257323,1814810,1224070,173093,7946.24,2565.96,42348.8,189004,8236.08,50856.1
884136,529270,359781,2795140,1906590,244549,12009.7,2087.58,306670,13451.9,9979.64,52585.6
812872,472594,280046,1276410,630762,138811,12938.2,2544.72,99676.5,67876.7,8689.4,59625.1
685145,464772,174319,791171,581153,128808,14142.6,2951.39,5322.47,23760.9,11843.9,10084
894206,371367,317385,2193120,995437,157943,17732.6,1287.71,379711,306835,22912.3,71612
1153250,451281,409957,2892700,1081860,179849,14461.6,8842.55,6111.1,90226.1,7988.93,56131.5
825862,412757,240053,1749060,960253,131190,22070.2,3057.42,49275.4,156715,9748,52913.7
908627,530909,284239,1558640,1024210,190606,9922.57,1210.19,12111.4,175323,6383.44,77223.2
863680,535970,441371,2905370,1956320,302947,15759.6,2657.02,170952,221655,9146.84,98632.9
372500,246818,212764,1766650,1137450,138633,10718.1,1735.21,6832.79,54505.7,7201.96,36164.8
749439,455623,364946,1657480,1075900,237992,6424.93,1502.88,251588,367003,9996.71,75242.7
1058930,604884,333875,2097500,1183270,188665,8248.35,2031.32,44699.4,30442.5,12501,53130.2
692804,425752,279478,1668930,1172740,192548,6223.65,1511.61,36777.3,32858.9,6823.34,48375.3
540208,344975,247210,1289450,808867,154662,3725.6,3041.18,451185,160884,11114,78104.7
859747,504394,271192,1524950,934574,167414,11062.1,2306,430826,180488,6607.02,71598.6
799576,525500,283752,1555050,1048890,188859,6720.05,1975.26,130689,47296,8139.98,63085.9
606502,356743,309276,1742060,1059790,188649,9473.64,1758.75,40718.5,152137,6874.19,88250.4
1152960,683922,354408,1643690,1095480,222204,6778.45,1853.01,5666.26,221549,7473.98,47504.9
856309,612417,427403,2695550,1688300,262193,17177.2,1851.46,14681.7,454953,7074.71,42300.4
707222,437064,253961,1187490,747012,160554,8688.37,1993.96,122915,128441,7448.51,24774.1
711402,455591,266414,1452300,975478,178255,7237.21,1726.82,76693.4,31766.2,7724.55,56607.2
869632,486403,350684,1654750,888179,192333,4424.47,1518.37,535400,70043.3,6542.54,77040.5
802976,437692,364031,2052600,1069350,189781,6478.39,1023.02,148031,58100.3,8183.86,48384.9
555228,345853,288908,2000400,1423520,200759,11270.5,795.48,444415,238371,8978.66,28133.5
1090610,529565,537183,4194300,2020820,262611,12713.7,8308.56,7592.89,69872.4,9289.31,70415.8
1037610,465390,537440,3064330,1271590,231319,7984.27,2791.24,7268.69,53519.8,16070.1,53933
1012080,647796,429649,3105360,2281030,320080,10379.2,4568.14,8126.92,55164.3,13715.5,57176.4
810531,520685,348613,1633390,1042170,224662,8303.75,2355.05,57056.8,126655,15288.6,65660.8
650790,389267,175398,1007930,663466,117063,10482.9,1220.75,121385,39236.7,6541.16,14437.7
935522,584599,255968,1166300,808797,185379,21165.8,3282.36,14462.8,66233.9,11793.1,47618
671134,418329,360917,2143590,1283750,223685,10446.2,2695.47,102842,188445,10043.4,78550.2
819062,439374,569210,3336840,1900420,317175,9733.17,1036.74,28070.8,52398.4,7404.5,90369.8
699022,446887,292445,1239500,891796,214154,10911.7,2164.96,6485.17,58103.1,8104.06,51690.4
1099150,615850,490865,2794400,1777190,317502,7985.31,2695.32,51174.7,266455,7015.34,95395.8
590591,385003,227359,1663840,1226210,165863,7596.59,2577.05,51827.2,231792,7210.47,38615.2
742664,411715,397740,2333960,1461210,243709,17548.3,1117.03,88710.6,49631.7,8072.66,68128.5
637323,351109,211700,963108,627177,132552,11895.1,2859.9,53466.5,52780.5,7871.84,41545.7
657944,308493,321616,2357780,1031010,160763,17706.1,2155.12,206289,367112,8039.08,67144.5
1079250,403754,481407,3284900,1187460,205890,16096.9,3360.2,66537.8,49597.9,12746.5,58157.6
790479,482206,222488,1091250,742679,146019,7109.78,2516.49,50641.2,174024,10545.9,48488.7
585792,386963,219611,1206330,858911,157370,7548.25,978.063,7300.43,54650.5,7968.98,37074.7
1029960,567112,413800,2712870,1282020,197973,9067.86,6267.75,10059,53449.6,23903.4,66840.6
739272,458232,270277,2122500,1334190,171912,16833.8,4473.38,11318.5,72268,7700.15,15116.2
1009410,591217,387673,2284110,1505260,259550,18549.2,2499.27,23718.9,293728,12011.8,60507.5
867125,504010,383964,1977800,1303860,251338,11353.3,1695.26,48140.8,254091,8390.87,55436.5
804308,468693,402603,2030580,1232800,249071,6315.21,3671.66,282496,164698,7663.54,59209.3
982356,491406,580954,3844990,2194040,337306,10331.2,4060.36,5426.41,79806.6,9114.28,43953.1
831773,437735,336597,1784190,878892,170819,6351.98,1293.53,12684.9,28874.2,7994.88,51311.8
593984,340841,230384,1324210,820042,139370,12094.8,1994.97,199543,102731,9637.97,56726.7
830455,288457,366913,2899340,1173690,162610,9686.48,1197.55,125866,172278,18511.4,48375.4
1166310,457124,544608,3090550,1239220,218220,13720,1588.07,30812.1,29812.3,7364.39,62995.4
1088820,426314,421544,2398690,933546,165103,17114.9,2550.28,70834.1,76590.9,13079.3,80751.3
528944,331576,377491,3172160,2094650,244661,20995.8,1598.36,308234,260727,19087.9,78136.4
346627,222371,168976,1406310,996044,116639,16483.5,3576.19,96984.5,52135.7,8920.82,47364
755572,518163,230091,1495100,1060680,163212,14321.9,3024.95,34551.5,23237,16555.4,11843.8
928215,482037,396344,2334000,1217270,206458,10690.1,4478.82,7485.18,51787,16993.9,66324.7
974929,528901,439983,2447880,1451000,254408,5645.05,1892.87,115954,93734.9,17239,59604.6
935658,457802,413180,2531020,1249640,204132,17720.9,5886.83,36689,73196.3,22655.5,56594.5
947833,501011,420061,2508650,1500820,256752,7242.09,5615.47,22669.7,182477,14416.7,66221.7
634685,413521,274511,2673800,1623150,161773,14267.8,2843.08,89811.7,44663.5,13347.4,43045.8
1017430,539918,602055,3076380,2079030,405007,10644.6,1933.1,9044.75,280918,13141.4,65815.4
823820,411866,454064,2527440,1440500,265002,14455.6,2890.32,9336.81,43031.3,6875.34,75211.9
611333,355779,257875,1405790,871375,160834,7057.79,3007.42,30410.3,57355.4,10120.6,58824.1
656561,350218,465834,2618070,1489860,272440,10445.1,2148.57,257267,184820,16056.2,67197
1155040,462119,661379,3584530,1495620,268412,8308.38,6072.9,38834.7,54892.2,17069.1,90968.9
802885,512272,331078,2016520,1346400,220730,11620.7,2589.74,9134.77,89567.1,13941.6,60658.3
938225,580302,404000,2358820,1640100,280110,9626.78,3011.44,15333.2,30944,6906.38,23886.7
756711,470382,267786,1659650,928637,150412,9076.4,1515.06,40226.1,52729.1,17079.2,69993.9
725638,407613,362137,2080500,1257300,217261,20706.1,1633.53,7586.58,177985,13623,65035.5
504875,271638,462128,2680390,1876360,313538,4992.06,1138.2,102802,38098.2,6395.61,39709.5
