FSC-A,FSC-Width,SSC-A
5.86503622252869,3.42024087756397,5.39328673112533
5.48007690942595,3.09222827679652,5.01348884038339
5.75182598384407,3.31087532773345,5.40418291129525
6.00657541816321,3.52615404894277,5.52915775321591
5.70070947648428,3.23099457634405,5.29872791445945
6.0327056341226,3.51574105260374,5.71167874088052
5.99167151187119,3.54693326042993,5.66451943199931
5.68447879996168,3.2503022025577,5.1957548373954
6.08441742122699,3.52065607009085,5.78245661177127
5.85413815742456,3.41193390890816,5.27010247750795
5.93132698148727,3.3844389474313,5.61888203803604
5.90567806929566,3.43165275550362,5.3064393048838
5.66434167956517,3.2224374061382,5.08837234178721
6.10148781390804,3.63066654438778,5.6932234885971
5.99838780136841,3.58418273035316,5.62788655148952
5.96151917053654,3.55113969001802,5.63475494569565
5.96598942466608,3.41691950619207,5.68035152240296
5.71505074144756,3.26419124397369,5.39082326584902
5.85807839402023,3.358969301839,5.27151554790438
5.91935619104087,3.39689771184082,5.43411146808218
5.73916369176243,3.23656175945058,5.30347611351528
5.96809969312105,3.52082104439171,5.58402649751256
6.01529085694342,3.49400802987465,5.70282902319936
5.71577332150658,3.20681434448126,5.16082451641426
5.89417459328475,3.3290249076968,5.62169925759115
5.63157632757347,3.22556441972353,5.04977858793615
5.73629979704056,3.26862646490304,5.27484952950137
5.55734675670414,3.14986460763865,4.92613686580298
5.73920011346473,3.28821953760912,5.31149247960922
5.9099498483869,3.40641877411201,5.49621351943013
6.11297870165586,3.53634468315861,5.71904662909415
6.09780050007585,3.48811158235053,5.85796336781396
5.96918409812427,3.45898774957453,5.77740409728252
5.91361978386577,3.45143444552391,5.36607661127471
6.02799573927699,3.43861943138965,5.83956707003324
6.05975483530467,3.54112565004435,5.63823225555756
5.8127627688271,3.31074581765335,5.43383806358829
6.05723450703916,3.5311527226017,5.78675401743851
5.81194792160247,3.29911864619922,5.30864050393425
5.71456835263705,3.26194702788664,5.20332301975288
5.9972748067387,3.44324377654425,5.64396726437917
5.62439210721135,3.20587187663506,5.14695444727392
5.69107765090064,3.22057542286201,5.20142623268712
5.89984766262339,3.45385434008603,5.36785452768773
5.68932809310405,3.28810098805723,5.25020684622237
6.14278530005486,3.67795053451292,5.75646696457854
5.88443603469202,3.43271557136933,5.30739260200527
5.80641989425238,3.39704744230927,5.47752157255528
6.01071355119958,3.53307994611172,5.76160888098776
5.51031662017632,3.12648767856084,4.68306827716362
5.69221541837805,3.27592544139965,5.39240261859351
5.96711236696359,3.55056431210639,5.55062045677004
5.98555385020944,3.56102588277501,5.56440760847628
5.74895175776905,3.29298163438446,4.93303533209439
5.71168886323997,3.26618634777722,5.20999905610216
5.84110072988641,3.43003589165896,5.38833864322447
5.96167099410857,3.51504249358078,5.36793271566525
5.97918752243712,3.44008964097101,5.62333061709268
5.9030659140609,3.41742971511679,5.5874973083235
5.74322640667407,3.30952312432755,5.22989076844696
5.75932152276924,3.30237796054211,5.01723648001003
5.67568731102139,3.23067552596613,5.44604085786374
5.58557087659221,3.17071550706559,5.02849665682423
6.05340333456455,3.49332240881399,5.73434983161256
5.70476346689432,3.26118367749084,5.21110627087413
5.82984367193143,3.32051335938982,5.50271881497609
5.87593687742453,3.34905152891276,5.67165562941956
5.91071704658735,3.436748827412,5.49284508529971
5.61411399720971,3.19620859730412,4.79971785807838
5.8438825852455,3.37642679864444,5.20575002245795
5.9297430731186,3.44156117498949,5.71186427999451
5.97790992667812,3.36907241469758,5.64570580177892
6.0371497591238,3.55043716194609,5.80424826997305
5.81791006205884,3.40238301108932,5.5179287712695
5.89757907284628,3.45637320822831,5.33883216961971
5.97678435759699,3.4652708799494,5.49662616835237
5.46204691201821,3.0669953973334,4.74706405637285
6.06466597293281,3.48036016704108,5.62716470017369
5.48877578240324,3.09431640813005,4.8689484982173
5.80803779961381,3.37932133906268,5.37797186040179
5.99329143738476,3.5352139962398,5.42262046137683
5.58517034014563,3.14761983175746,4.94995547649099
5.90529367368556,3.37149773981988,5.51911581964549
6.15811078691043,3.62964780965752,5.79567682927175
6.17722059302404,3.64492060061163,5.76900096449868
5.63413620729669,3.22445206217266,5.15961428110889
5.67553057404057,3.28447748876691,5.11764130690609
5.92025466863418,3.3600852249051,5.73759148327379
6.11744884179295,3.67684602035498,5.67741043312252
5.58472875800453,3.16417649976666,4.88719268389518
5.68927835730349,3.27930120976644,5.25798237215364
5.73480755344452,3.29861016394314,5.2966227616787
5.82237252719995,3.32759129665613,5.61362795818289
5.52447616675673,3.13994745132105,4.73994285749698
6.12960794110549,3.6441654447499,5.6725833100137
6.04502773710866,3.4699938229303,5.81234884622995
5.76805741384142,3.27947467400689,5.48312302735528
5.99635563839222,3.55847783544521,5.67109751271339
5.88218781912961,3.43147751048847,5.62728048193781
5.60761869163451,3.17399500814438,5.09572592847529
5.83160019603445,3.34027695886969,5.51037562545483
6.03817318374933,3.59929531319949,5.463708870667
5.78239640614366,3.34965962615776,5.24211302768786
6.25722380502235,3.65715506453964,5.86229758281733
5.76587087339821,3.263926428419,5.0635572322254
6.03116828643144,3.53077802013956,5.6072830485002
5.8089220507098,3.36925617648524,5.39725094444146
5.99443842897009,3.46174565484202,5.52613068484736
5.77808006169421,3.36221798188108,5.26888827216764
5.87409237685176,3.34572009689985,5.46521275504393
6.14271026783965,3.69623903920306,5.76634863315416
5.86552305156027,3.3976840906204,5.56015021296589
5.67387082854654,3.21462061926329,5.38507989946487
5.98130777637594,3.49947775325955,5.35971723431415
5.78571387854465,3.32221872627132,5.23369817839015
5.86655885501909,3.46571398645198,5.07038389746228
5.89886205997477,3.31278377077875,5.47963814985559
5.47137189738088,3.06828876295989,4.97469797686209
5.74004250218544,3.32642132889172,5.289200092192
5.93616508991652,3.40471525284124,5.5540997040307
5.83252913072022,3.40190989193365,5.41957521458198
6.12141724129256,3.56477459487329,5.81515497358263
5.79908034791222,3.38994662533989,5.3834898053282
5.86725450598017,3.36432154683133,5.32007076061974
5.59261378339887,3.13814071599383,5.18592063702601
5.81178918974469,3.36756411834532,5.33117546888609
5.70067919633449,3.23754053401329,5.22873302929951
6.15904225115466,3.58634277657061,5.71603228777214
5.85362074793098,3.37709802604135,5.39864413638042
6.07415632971647,3.52360435531268,5.71342976890646
6.13819076439697,3.68256988584569,5.67683956038868
5.83173905515734,3.4099208296225,5.17074755185737
5.6396066579134,3.21825373979064,5.35554089331519
5.84227631345256,3.42896001998441,5.44513955117807
5.83576325885677,3.35321727002829,5.41526499110349
6.10006907365644,3.57338539729631,5.64895946730626
5.67974183549445,3.29153695187907,5.36337062042296
6.00711407240391,3.5427006272953,5.8589458299112
5.90411136244997,3.47491483608261,5.28635688329843
5.76165850530602,3.27093194586644,5.43331796025827
5.91027355027016,3.38799763579809,5.35818174798299
5.83559524274435,3.39787177586478,5.68308817465628
5.80596321866182,3.35251578384602,5.47604527172478
5.8792620254508,3.34056055583788,5.40948449912337
5.98282761363282,3.5145141833534,5.72861075737511
5.94200589755202,3.38600593568272,5.43416261238338
5.56453665273198,3.14025884969904,4.99169759307099
6.01327789734291,3.54310995854393,5.4716080105596
5.98350570394714,3.44681779142612,5.67696932856746
5.74714109144716,3.29587643860351,5.27976651300822
5.93864862208622,3.4336814066042,5.7273717818193
6.23326667466958,3.70514304512902,5.83517269620044
5.96123958144523,3.53682692162502,5.44512708478029
6.03705406315555,3.56945903367133,5.77530648641654
5.79262184468036,3.34348289045628,5.42037111388527
5.89509070740814,3.47074516146767,5.64638770433475
5.88474080886136,3.33435064448824,5.28242192711144
5.69825774852572,3.28280495636503,5.09941009721291
5.84260465781158,3.38109652596053,5.32237986559741
5.86439338866282,3.41142898714098,5.37848630858393
5.98592634679128,3.42515049779887,5.5686916806665
5.94744286709693,3.42326181163588,5.83843830397769
6.02422520061374,3.57719610909613,5.76068980683979
5.65910164030923,3.23987413251113,5.25981755519975
5.51641591954746,3.11171850230711,4.85096131973251
5.8518186901567,3.43829978039139,5.54204655444051
5.907956926794,3.38651987739508,5.68828244330113
5.79416492937936,3.33550348442184,5.53077025683458
5.77656655888877,3.26869664985519,5.43479183347555
6.02253792382288,3.570546121339,5.64294075353764
5.73975635238545,3.25894775003539,5.02654412073334
5.65620427699043,3.23082869939936,5.11434958589237
5.8728009150661,3.33302330326348,5.21868687077063
5.50031698101867,3.09473911752624,4.95340282102938
5.97971616808229,3.42973084748348,5.5771396916215
5.89592045995522,3.41970917944073,5.46235105749045
5.80850579947617,3.32868477692148,5.29531119159894
5.8671118084297,3.46773197670491,5.84635174751521
6.03132590298291,3.58051867488482,5.40273868447855
5.78460920373457,3.36428212817936,5.25259494274949
5.74191127038833,3.32359594407422,5.14399992816621
5.80564061002015,3.32475297785143,5.31187599132587
5.91375752669597,3.46487795119837,5.42585795771908
5.92712935886891,3.44596009346833,5.44677887764241
5.81122143289902,3.4121710194999,5.38692263247971
5.58259925764531,3.19311269719783,5.39013225755335
5.99579162528619,3.38069001379819,5.76374360888153
6.04507080243341,3.49833361231753,5.48004096219978
5.71517543887332,3.21232539810016,5.09745048524642
5.69792005158529,3.30304851294828,5.08981915235212
5.4739956465712,3.08581742539391,4.836860367683
5.94874963710016,3.51388415013502,5.28852791037199
5.73913201823392,3.32863587395242,5.31523889247368
5.76701824883962,3.2681278253257,5.32731326924446
5.81157812718425,3.27090401736871,5.43755343279695
5.76828627439368,3.3192241986758,5.33996524899513
5.70956305938744,3.28595030294293,5.14001645672632
5.88970703632881,3.33023662041452,5.54270427705819
5.95788475292186,3.44431142261494,5.66780179615265
5.8810367721477,3.3642314417976,5.54189568594508
6.04244384859396,3.55725656829858,5.61423858917143
5.93574181080244,3.52055522160323,5.48408428645106
5.69366598275568,3.2131317011969,5.15538965965652
6.09069377183557,3.56619196112128,5.61045750599647
5.96896211592375,3.51640146247717,5.55268361352655
5.81726294856256,3.29496356147133,5.41125875029464
5.77298046679118,3.34441334947341,5.42685052467003
6.17026044104726,3.54889249682717,5.88849998791626
6.02005686204542,3.5129533795732,5.48020054516629
5.54714884259656,3.14540689659757,5.19302341057218
6.10559725881177,3.5197843326839,5.64560170520835
5.81074896560565,3.41956210450275,5.29456025562038
5.86640234231884,3.36862475009837,5.37289112919223
5.67316809717963,3.20549593953247,5.03979334548787
6.13474930318236,3.60422899712021,5.79856064067185
6.25133779821967,3.71052837473761,5.86955829039308
5.75519977078029,3.35152329005428,5.25064601389892
5.98057310915095,3.46470369856692,5.48354401833192
5.92275329825756,3.3920295703491,5.35918574954473
5.94331178553577,3.51570926407745,5.32528502634891
5.66586947800259,3.25278927750964,5.27036821559803
5.94975078827841,3.55537951967895,5.48860804135289
5.84790914229956,3.38357432870041,5.38569858666386
5.92549085675893,3.41529181144464,5.42546844737537
5.82221690679215,3.31514865790604,5.2912392915894
5.99515749636769,3.46429087281716,5.68945151985691
5.95264555077818,3.52828500449827,5.45604194867669
6.19964430210113,3.55673383662947,5.91681842250381
5.92814004367804,3.44631145722618,5.67920220223426
5.96302320101849,3.46230622496016,5.2888183490998
5.87730605696997,3.3561764473241,5.33760231978948
5.74116551595507,3.34639742891418,5.23735433955803
5.63427030850549,3.18528349875199,5.13759985899866
5.74541495246894,3.31916588810417,5.28996257319686
5.56332520651896,3.16694410992081,5.0502121057711
5.84416930610055,3.39714665383259,5.4099781680657
5.84741757922859,3.40201832475333,5.77885977168151
6.03280229296475,3.58212330178701,5.5232815714156
5.72528067757781,3.23898328057832,5.34593737347757
6.08540677562348,3.57722944939817,5.52989296679789
6.01164471862321,3.51007255876781,5.51267593599721
5.7106035849839,3.27387298139779,5.47175166880088
5.82950103106659,3.44036544132011,5.48673877834977
5.92614257230608,3.43557001971637,5.49729692418909
5.75095993217348,3.28459026574081,5.33882818869349
5.96806603933407,3.37585507298818,5.47606994209266
5.73891103110212,3.33827063382237,5.23877013654881
5.92210270832529,3.48119276582441,5.34735472011706
5.74042479489009,3.30022738427074,5.22051513268166
5.9452049037386,3.39924566153272,5.50332299602247
6.03508362861333,3.59370434496109,5.43976938590554
6.24694782277982,3.6590636192575,5.83019246356697
5.92810314632492,3.53301630962609,5.74470334009146
5.89481081955098,3.35599280578896,5.37193864038145
6.02133637890626,3.46487497310819,5.69414315980547
5.96254011065418,3.55208112670469,5.37129632838814
5.79754704595147,3.29216682159286,5.57951911905154
5.88618133937407,3.36225193048037,5.50334343891534
5.85786517998874,3.33231466859796,5.44221418382584
5.76241044646709,3.33270042231437,5.35955216404397
5.68118754191397,3.22659661931035,5.19628027400652
5.65736821944168,3.2109568490324,5.0984140851169
5.86144339497432,3.43103828347452,5.26227224996191
5.72118357327536,3.32048221514655,5.04796240600377
5.7379171803246,3.23341680426808,5.16310367575247
5.90145159563804,3.42747917124143,5.46170655600852
5.83330757177526,3.36465927430777,5.51525593457952
5.82293504160437,3.27470897285143,5.50050495334138
5.86793844913702,3.42696439112128,5.28025653009792
5.70897947797852,3.1983153582851,5.22811961223214
5.60169465821046,3.20780591112306,5.12395826595235
6.01124286849841,3.55968729895504,5.49946390959063
5.62948468401486,3.1812852897637,4.98152485980107
5.62948162612097,3.24435067273489,5.17310947967491
5.80704475446252,3.39147626991637,5.37176339083687
5.6214220948237,3.17748376132755,5.23750014880218
5.86465443227526,3.44357232206182,5.31237341613973
5.74512138767045,3.27065025123162,5.15240044288596
5.69333701418745,3.25290088595534,5.29430450899493
5.64905789039845,3.24292319393888,5.12270940614556
6.17730721770735,3.54093821809029,5.78120275658319
6.12487434461115,3.52960450582944,5.734027055859
5.91925682650632,3.40012806569721,5.58516695375605
6.06203102365825,3.56095069684599,5.51748575843838
6.08656114615793,3.58243238496058,5.79115615715888
6.03595603914158,3.58232559432429,5.45132528194553
5.81621521319506,3.29718411453511,5.78527832694561
5.54585570970801,3.13227482271385,5.227926938595
5.74959229235356,3.27782166897749,5.39321122124358
6.0098355805112,3.6024872627001,5.5417260521619
5.9138666303892,3.46018002548943,5.61253661692285
5.84029537123907,3.39502171230829,5.3364810622898
5.79482298455176,3.3438824648565,5.46386412050394
5.64726719882316,3.20797543629139,5.29644065297911
5.92971652352629,3.3689182918416,5.61310750501483
5.98979749550136,3.58108877425326,5.30366177157897
6.12927913419608,3.64420288887961,5.65065390459642
6.09343417348869,3.45175838982107,5.83545697696904
5.99553106429059,3.56275633068858,5.53933165139508
5.54937686106934,3.15579051842689,4.99071817387992
5.99272828608147,3.44271601919765,5.42444656469542
5.91636426787804,3.32225181415753,5.66565382749232
6.10379539652857,3.60967733888066,5.55468979435002
5.83619219755964,3.37854274784285,5.17892994100365
6.12693806769414,3.62078828262487,5.65646873509481
5.74369446307252,3.29016538140258,5.31986495764746
5.55845374638473,3.1634855583576,4.91461262834941
5.84128540707544,3.36142509359153,5.52170368107881
5.90790055720503,3.46230322918248,5.47726694657539
5.93364096306745,3.42261072540822,5.47511112089439
5.67689256897716,3.27383137073435,5.33575399709364
6.17591045568491,3.61544050853315,5.89354187310762
5.97390318862194,3.52544485442485,5.416641600979
6.13013608968637,3.66918734024201,5.59815956384326
6.15681124110785,3.69879427506318,5.72167928287768
6.16453297842801,3.55644570400572,5.80773633794947
6.1446320029894,3.56146957263607,5.51668164403621
5.84054309186545,3.43803375271589,5.53547597569866
6.00649841299032,3.50309542601559,5.5462287442206
6.02986069465968,3.46957274057287,5.46102804734038
6.02301596502978,3.50332308852586,5.61811470845388
6.29034978524476,3.66137886054406,5.98350119286367
5.85240109202886,3.40028532596302,5.29529358919805
6.06007641424688,3.61026051895389,5.74904464742492
5.75451166796061,3.293269110841,4.83466707683565
5.76336408561128,3.24420714580551,5.37916706046497
5.86470662217421,3.42395937436916,5.530181323252
5.93158633839589,3.44960446533057,5.66837161758953
6.17557433139624,3.63941150237499,5.72219418842127
5.57144404949632,3.1431795044895,5.12691891053344
5.84267453939468,3.36469303261511,5.5713042223741
6.03365919879638,3.53918996080416,5.64690014318867
6.07827032040481,3.63218055655048,5.53466140923082
6.00065340685581,3.42510644032359,5.69173700053752
5.52135211361007,3.13280293874156,4.81994617733944
5.69645220017417,3.21089004527774,5.21911188153761
5.78411328804743,3.32341655445353,5.52735100878423
6.04513343528352,3.46462474059936,5.75776309334046
6.02752315112017,3.46322046890876,5.6778939459151
5.96375839687907,3.4967687981084,5.52455923721048
6.03492737019767,3.46668337686588,5.56351864816755
6.02144800246992,3.5218095763238,5.69560919434094
5.98400208787437,3.45290942927908,5.38031194518978
6.17947298405385,3.56560667714299,5.87824461871762
6.16487181225133,3.71091979310728,5.62790701204995
5.87471175155391,3.36945470031597,5.34903195488078
6.0405294204785,3.43491480494512,5.8088040297021
5.72652807011773,3.28570967941373,5.30589853075515
6.13569405773745,3.60500182337208,5.72837623264018
5.8667040955879,3.36121341200742,5.41164774440811
5.56029367718881,3.14757345729105,4.49390615735384
6.07222623591836,3.55520660682352,5.62253590062581
5.61792004703969,3.21651616701356,4.98695372932204
5.87716259085677,3.39431984040042,5.30185796410556
6.09852108770592,3.62835492614274,5.65917684971495
5.72578643396946,3.29231750001406,5.630081580142
5.78313335059892,3.33921032628892,5.32528502634891
5.7429800236744,3.32885589396146,5.31325256936768
5.97513926540484,3.37892405081699,5.79851989363279
5.83435943856374,3.41137172562105,5.3479944307072
6.10805928950126,3.59756764816781,5.70033904848611
6.0958719064177,3.54465422547247,5.50959987088285
6.00907068232893,3.45113485072751,5.72728227626908
5.71735561460547,3.21291364145797,5.31541118765077
5.60442657872291,3.19885144555342,4.90611976618371
5.96885668127615,3.56064146231305,5.46057411601628
6.19575181699085,3.64822211291284,5.74614410156907
5.74775092024134,3.33917850557802,5.27197549084962
5.57753736074195,3.17097924915108,5.00323926670136
6.08380911827023,3.59831736601942,5.70922216665681
5.57977520465345,3.12653636001593,4.98954172730766
5.70459887654548,3.26247891483201,5.25370539401307
5.953217648419,3.51584170092275,5.46997017676621
5.62097223726488,3.20961613741844,5.19781697953302
5.78630103909209,3.2824832730534,5.38299923371334
6.1359418347212,3.6285684610592,5.60868074455407
6.14803339845303,3.56743425262783,5.87503211097596
5.61638376907458,3.21501256813469,5.26576953010309
5.78521352623377,3.32615293757139,5.29629139856084
5.74284735838058,3.23676071229972,5.30959324497364
5.70201125480704,3.23612828079269,5.02216704465505
5.99466007787483,3.59671552106588,5.49074996886585
5.92353396484716,3.46284662461181,5.58009966767266
5.79059029984656,3.31728116221737,5.19676366701759
5.91461584506021,3.40414877847967,5.46371185676422
6.13040957272626,3.63183093543939,5.57739373616123
6.04118956837869,3.46780445570189,5.71951081675816
5.89702286838678,3.47573759852788,5.35094670357927
6.02293770120313,3.55927533291052,5.70526713715779
5.67960381134677,3.2017131023189,5.14002904080874
5.83623082559627,3.3860041501029,5.48367094907798
5.85352461576768,3.35350793898109,5.47930554818094
5.4995519042628,3.10954387324453,5.01287794212574
5.8617199513161,3.43467542903206,5.36161199092813
5.71496452027903,3.25850492753269,5.02659722837164
6.20841600140686,3.62861033836836,5.87243171885182
5.72913210071411,3.29862326537755,5.38298484962782
5.65108860600942,3.16491982026083,5.30258557931096
5.8534430692788,3.42407061878664,5.42431906883163
6.15862047602624,3.66568108775938,5.68808654868851
6.02736822586607,3.50081358362657,5.5044268969598
5.76860307309818,3.24030389027286,5.25656299138336
5.84615683462095,3.39063262889224,5.45214332686491
6.19292846935102,3.64832558336035,6.04731212445543
5.60417598452665,3.22004719129999,5.06293024743615
5.64519391707756,3.19650427028981,5.03548039858792
5.78563989404113,3.36518223341972,5.26047604121135
5.9936207806551,3.47402199061984,5.62506606536177
5.64748141591264,3.16231859058233,5.08426038720741
5.87715279425307,3.38973246939742,5.38169914749032
5.78335297445861,3.32587207597234,5.16869089080314
6.14875859566546,3.63196068278156,5.72550380590618
5.96696149683902,3.38656267843046,5.49035416380922
5.87101550027883,3.38642355964001,5.2824264601573
5.68604041011116,3.24942272598849,5.02971508393346
5.43271385903264,3.0401025947545,4.87941679030455
5.44979402697085,3.06074211772005,4.60945628002867
5.92012575731579,3.48573380955101,5.49578245052393
5.89010043771372,3.45233658989062,5.3667994762498
5.8975097924404,3.35809810555806,5.41211374161812
5.67181469550498,3.27533836779565,5.14277308171124
6.19135477075402,3.60028959648467,5.83228254622148
5.69294174655089,3.26286554850007,5.21494355816407
6.0148713847533,3.46415814871215,5.66361769232037
5.90954996258157,3.36491427211168,5.57984148792841
6.03101465628862,3.5420653381046,5.75353836887961
5.99566750545393,3.46413428389684,5.7817077484218
5.70131636436885,3.23860486659936,5.16973219094707
5.75045335803893,3.24499348705006,5.30790373512019
6.22087544570699,3.67460004956555,5.82577760293358
5.63727819185153,3.20719722816116,4.93599548317417
5.53923504815658,3.11642085463794,4.7196026963083
5.73052441326687,3.22822507864477,5.11709773298684
5.63893196892376,3.21013578636765,4.78564765963486
5.55944295938009,3.17199462481495,5.45320005094982
5.6647375260469,3.25079978318365,5.44711406804787
6.09365476072979,3.60274100100293,5.81963450758865
5.88997960124042,3.39018543508447,5.21830085258059
5.84794366032439,3.39395708308237,5.25928000624594
5.86128562522856,3.44807331140375,5.40372032108378
5.92660770576586,3.38660012587651,5.5953602434967
5.60523785704383,3.1594640965831,4.99714713869515
5.89936937713729,3.50809281466236,5.30559995821806
6.08940897587435,3.4810651086054,5.77894142280351
5.53384023047136,3.13203135307586,4.84319761721061
5.66771499832381,3.21912779266488,4.69742514319924
5.6307589692696,3.21701182047476,5.00244969629972
5.9653323260297,3.51909750936174,5.5206507428997
5.90131970498297,3.40641195969141,5.28870889884771
5.66909889489914,3.22921767757702,5.11890480463398
5.67030956093397,3.1998202209336,5.08619482884177
5.97776779010516,3.46135702806631,5.55821479854431
5.52811631816481,3.13638671406815,4.94942444264223
5.77314085327399,3.3185448114731,4.95219145794014
5.72946986938917,3.28614360470154,5.21147204729543
5.80687338013549,3.28141230032192,5.37657815638505
5.62313931440552,3.21615197592606,5.28760167838359
5.90629390433013,3.40925110928914,5.47086550789588
5.84047223938014,3.35944031296228,5.36959923559709
5.73426815918074,3.28833581893508,5.27508932896969
5.69020286671418,3.22656568899107,5.27390287418067
6.08671056237795,3.53059502741567,5.75973706741336
6.0496930272573,3.4750123115978,5.6107119530795
6.0126962278287,3.61100780557597,5.48395605142919
6.05125892401052,3.53006737212039,5.62755802753353
5.86072460049699,3.43153861311032,5.39804189480194
5.83973606937725,3.30250133336972,5.56210084868442
6.06632803429511,3.59349953357515,5.77677064902861
5.76642300327593,3.26546577205109,5.35784084874318
5.80991687241016,3.37801199813628,5.34111716048879
5.82187212017402,3.33816499042292,5.01716969158416
5.93094987493583,3.49381165153693,5.30204214864709
5.50668582531882,3.08456457192872,4.92451889493232
5.75344796789734,3.26874811161236,5.42208181097148
6.0318670217784,3.5857209181714,5.60064368375407
5.89999531028968,3.32422219558626,5.58277181852986
6.06055267006311,3.54143910536473,5.64334375090271
6.05638477995417,3.50956906425347,5.86007055293383
5.96350150329694,3.52336365756427,5.74237209983439
5.5282115653365,3.10759904912511,4.84902952404595
6.12917270216944,3.57523141671325,5.95774596011753
5.9603031433111,3.4561696832768,5.57467083921056
5.73812835565175,3.26002061819793,5.12459439108628
6.13868333879445,3.60206837869394,5.7070944545158
5.53162534826959,3.14497788306632,4.86547564540592
5.71259975257602,3.30052532406654,5.3727475605586
6.04786481769867,3.44357075814817,5.65395563805591
6.14169919602555,3.62175121149874,5.82959169969746
5.89932392903535,3.37763171354582,5.34304536240808
5.89093753718954,3.46906129815848,5.55028053529699
6.06967018967742,3.65396341096941,5.48710676738075
5.77144391015132,3.28497123527901,5.38719516406139
5.66203654708707,3.21229343446676,5.28961939946736
6.08141776051761,3.56352110168006,5.75961622270234
5.5911087661285,3.14389725534362,5.0062163356598
5.77685196784053,3.27951802924348,5.1179856601319
5.60307684838913,3.20417894803738,5.11753198389005
5.74365293072456,3.24900190205912,5.4789698086007
5.81520482364154,3.3499080598146,5.39520868462764
5.8463053476171,3.38085085743335,5.22191386437259
5.68060621232333,3.25548170050518,4.99537918042721
5.79974615458585,3.25357962376653,5.3436737323597
6.15821940989026,3.61932891858152,5.93281084992013
5.90282371394291,3.51540318047797,5.494250152304
5.80644837815323,3.38866897616551,5.30542587519874
5.58545583069692,3.18593498142037,5.12434657618683
5.58288644279203,3.18227688083252,5.08613072352658
5.89819935459499,3.34698581061038,5.48161983215362
5.88216845111548,3.48793793639978,5.35510781306474
5.66047145419661,3.19419988523268,5.30276729279618
6.15584160724245,3.578064421029,5.70625479209099
5.81836424997318,3.43186649083788,5.28281612520402
5.91904861023699,3.44196477804226,5.74289289304906
5.6457784581831,3.17737985188751,5.24771717120835
6.14171486524219,3.53443192474628,5.74346951399598
6.11304231195018,3.65994824841756,5.7527616861088
5.65351126085578,3.23410892848636,5.07057590034645
5.79689172202835,3.38256942569497,5.34679419933644
5.90145867953974,3.45153426454626,5.52866434717529
5.88271384296671,3.41694611169573,5.3423074931214
6.16226730521902,3.60938492112743,5.63634510458993
5.77081127235786,3.25723619736538,5.30479127864142
5.74316050899193,3.32376083467726,5.31387493061155
6.09690155538854,3.48416985210907,5.6607987709867
6.05972077182446,3.58112067770083,5.55215169138472
5.65234562470452,3.2388129097927,5.02843157792835
5.72305046220025,3.30656810695802,5.22930716189295
6.01518183314395,3.5534700384405,5.59321920849986
5.90180891609652,3.50608639963641,5.57496100225813
6.03843562000836,3.5908303869091,5.35354244468789
5.88842025961125,3.39619712350952,5.57000634502452
5.54606079482417,3.14741574705461,4.89137105171268
6.26222929545461,3.65374562082143,5.78695621413307
5.66539678225412,3.19539514947432,5.2582340618213
5.57849555649158,3.17300180018446,5.0169149664433
5.88054244918554,3.36123798748486,5.41180088890122
5.95125476044616,3.36762186848134,5.41942148094212
5.66436613659713,3.22168210089248,5.18972510401943
5.5917140676408,3.14784236029152,5.20301018460587
5.80425849400477,3.39293377280083,5.43390842973033
5.54467272848795,3.14351356223431,4.99951139259353
6.04947218785923,3.56775396474529,5.69662601958557
6.09343767574871,3.53484658536599,5.74542119637304
6.1171935988109,3.63435303522748,5.55554382239797
5.55046642460725,3.13437707016438,4.77686134412658
6.07847336923396,3.51124779073858,5.82607522873134
5.67558190933963,3.23176698316949,5.07761371997944
6.1007514739156,3.65018676385488,5.61616730990515
5.86925088534052,3.37851004914804,5.50306669678868
5.91898005489937,3.3818939902814,5.56290479698663
6.15642667672466,3.65902933929543,5.81772904674543
6.04748345673546,3.50780694354097,5.71455829717034
5.75409644623666,3.29850096995014,5.31469424250947
5.65548002606121,3.23935635952875,5.40191149646701
6.03585608098025,3.48118416089924,5.84983425692604
5.93006460275759,3.4815153275047,5.75768874274203
5.72883461438716,3.23292937407423,5.27030762297691
5.73116123584268,3.24977961730657,5.34427957291231
5.68806250098822,3.25696470207644,5.14971982494076
5.95158891770506,3.39528396667261,5.51332104209046
5.94683561967844,3.42840326888963,5.61591393667715
5.74430836489666,3.27553184441384,5.40196313432875
6.11487963575994,3.6128693567809,5.72500344648295
5.92491199386594,3.34827706171073,5.62255040066568
5.73961795266732,3.29997277741948,5.33243776757136
5.97401386043565,3.51137758137378,5.38478634071404
6.01761576228172,3.53575567675726,5.73234200914582
5.91976804988095,3.47612663200561,5.45936331855381
5.70935194095434,3.25868929229733,5.08692425037792
6.06818053780187,3.54887040786233,5.73506341132681
6.09124675724154,3.69144993339257,5.51749367334592
6.07796919830125,3.53136870099181,5.56846533973171
6.06285099699407,3.47456257800691,5.82427273815185
5.94630370364776,3.46375973285369,5.51906456199125
5.97918706682316,3.37866988603534,5.66290948467358
5.83636378109425,3.42624071920884,5.40059265223213
5.74855907952779,3.28928502986531,5.41908572265813
5.76808408341449,3.31337303500789,5.27234912611955
5.62648988806465,3.18894176572824,5.36046779692716
5.70928917914278,3.2834566537124,5.42530373751841
6.03607196179341,3.41746791511408,5.85665256940923
5.91331659577273,3.3755094808716,5.69425205491798
5.61157850904615,3.19915905316351,5.0364199097295
5.98644192907782,3.41035323115878,5.65915019470676
5.81954831613717,3.27652550779944,5.40543798656189
5.92904049409618,3.44905195666022,5.35794181327806
5.82744013563407,3.28525505443474,5.30286893265556
