"ArAr80Di","BCKG190Di","Ba138Di","Bi209Di","Ce140Di","Ce142Di","Center","Cs133Di","Eu151Di","Eu153Di","Event_length","Gd156Di","Ho165Di","I127Di","Ir191Di","Ir193Di","Lu175Di","Lu176Di","Offset","Pb207Di","Pb208Di","Pt195Di","Pt196Di","Residual","Rh103Di","Xe131Di","Time"
71.9238,0.669422,926.992,0.53997,2.39892,0,478.28,0,0,2.78405,12,0,0,1.80776,0,0,0,0,127.77,0.437181,15.7595,0,0,86.597,0,0,0.0775796
71.6533,0,1.86397,0.99025,0,0,0,0,0,0,10,0,0,0.165301,0,0,0,0,0,117.999,240.939,0,0,0,0,0,0.183202
64.2426,0,198.271,0,1.48651,0,0,0,0,0.171594,10,0,0,0.086046,0,0.421852,0,0,0,0.713972,4.43156,0,0,0,0,0,0.956401
114.993,0,1068.88,0,2.59846,0.182061,519.387,0,0,0,13,0,0.66308,0.199213,0,0,0,0,81.089,6.48198,10.9058,0,0,99.902,0,0,1.05143
154.104,0,749.699,0,0,0,1004.77,0,0,0.225099,20,0,0,9.37243,0,0,0,0,92.131,5.73646,8.11326,0,0.272051,223.53,0,0,1.51488
68.7829,0,277.533,0,0.738756,0.299009,617.827,0,0,0,10,0,0,2.53223,0,0,0,0,35.643,7.21443,13.9394,0,0,179.917,0,1.62538,1.57796
95.1044,0,797.405,0,1.72586,0.120326,621.167,0,0,0.169327,13,0,0,5.19903,0.352746,0.033761,0,0.41486,114.974,9.52209,25.234,0,0,109.028,0,0,1.64554
112.4,0,50.388,3.2993,0,0,680.658,153.088,0,0.898832,17,0,0,4.08611,14.4827,26.1272,0,0,95.815,210.871,461.74,0.333995,0,95.214,0,0,1.92569
93.4534,0,256.553,0,0,1.88332,0,0,0,0.417323,13,0,0,3.28611,0,0,0,0,0,1.83731,5.69881,1.33782,0,0,0,2.88904,1.96209
119.519,0,440.551,0,0,0.771147,613.726,0,0,0,18,0,0,3.56168,0,0,0,0,26.37,4.5872,12.7895,0,0,304.519,0,0.937043,2.04014
134.265,0,1130.85,2.77851,0,0,394.899,0,0,0,15,0,0,13.6352,0,0,0,2.62817,83.112,7.33814,11.4684,0,0,84.988,0,0,2.05195
139.626,0,2151.12,0,1.89384,0,749.833,0,0,1.11162,15,0,0,2.01307,0,0,0,0,86.908,2.7136,22.9161,0,0,89.522,0,0,2.16237
133.5,0,31.437,5.48887,0.517015,0,0,20.8711,0,0,15,0,0.486846,4.39395,9.27002,21.421,0,0,0,60.1673,156.572,0,0,0,0,2.21657,2.23796
118.614,0,538.247,0,3.14971,0,616.807,0,0,5.75479,14,0,0,0.235589,4.21413,0,0,0,37.089,2.13799,6.15227,0.456876,0,178.871,0,0,2.58299
83.1773,0,600.895,0,7.98275,1.85635,435.516,0,0,1.74879,12,0,0,4.47172,0,0,0,0,81.863,16.7352,21.8676,0,0,130.71,0,0,2.64312
91.6244,0,1076.21,0,1.65043,0.884614,494.596,0,0,0.434006,12,0,0.540437,0.837933,0,0,0,0,125.442,2.72742,20.3827,0,0,110.627,0,0,2.79983
78.2636,0,1753.5,0,4.72506,0.493154,577.288,0.233143,0,0.417024,13,0,0.495219,5.17244,0.597237,0,0,0,79.078,13.4875,17.3444,0,0,84.115,0,0,2.92887
128.674,0,281.842,0,2.86784,0,410.959,0,0,0,13,0,0,1.627,1.24735,0,0,0,90.416,3.91127,10.3387,0,0,248.241,0,0,3.25136
130.335,0,434.805,0,1.9078,2.46549,593.695,0,0,0,14,0,1.30251,6.04853,0,0,0,0,41.694,0,6.92313,0,0,172.006,0,0,3.83148
111.196,0,394.1,0,0.802128,0,492.801,0,1.32795,3.43309,13,0.622437,0,6.58865,0,0,0,0,81.57,0,17.6187,0,0,148.597,0,1.77717,4.16909
126.741,0,799.392,0,0.746004,0.276326,447.045,0,0,0,14,0,0,0.236512,0,0,0,0,114.538,9.46596,7.56723,0,0,210.227,0,0.476202,4.49953
116.68,0,1373.56,0.591319,4.9541,4.56211,539.215,0,0,0,14,0,0,2.36118,0,0,0,0,85.334,7.05162,27.1471,1.4104,0,69.118,0,0,4.66875
99.7583,0,979.794,1.10173,3.78005,0,517.356,0,0.365051,3.15275,14,0,0.405299,0.223602,0,0,0,0,100.521,12.7239,19.6036,52.1838,38.3222,121.119,0,0,4.76387
97.8218,0,198.238,0,0,0,0,0,0,0,14,0,0,3.24894,0,0,0,0,0,1.35566,2.52967,0,0,0,0,0,4.88533
108.955,0,929.298,0,0.998083,0,617.625,0,0,0,15,0.987766,0,6.25428,0,0,1.14777,0,105.744,2.11209,15.9963,0,0,176.634,0,1.513,5.59888
78.2162,0,772.758,0,1.79905,0.161683,725.042,0,0,0.247893,14,0,0,4.57709,0,0,0,0,110.045,2.03073,12.7862,0,0,127.696,0,0.723412,5.61129
48.101,0,346.791,0,0,0,0,0,0,2.41757,10,0,0,6.24384,0,0,0,0,0,0.567718,6.48148,0,0,0,0,0,5.84096
144.084,0,253.117,0,0,0,587.989,0,0,0,14,0,0,3.55359,0,0,0,0,28.1,2.70192,9.68185,0,0,274.303,0,1.45047,6.1547
106.23,0,1694.1,0,0.791977,0,490.35,0,0,0,13,0,0,0.217675,0,0,0,0,78.53,6.76083,27.5604,0,0,70.494,0,0.813226,6.44307
56.0979,0,486.298,0,3.06217,0.318403,437.512,0,0,5.77956,11,0,0,6.87847,0,0,0,0,89.032,0.842906,3.26152,0,0,67.03,0,0,6.4949
135.166,0,352.05,0,0.482305,0,821.154,0,0,0,15,0,0,12.0735,0,0,0,0,85.367,3.38567,4.85059,0,0,290.234,0,0,7.2454
89.3031,0,175.074,0,0.874288,0,0,0,0,0.71745,10,1.07082,2.78113,4.23298,0,0,0,0.602168,0,2.01316,3.08295,0,0,0,0,0,7.65824
138.336,0,264.978,0,0.760327,0,725.688,0,0,0,14,0,1.66136,0.202147,0,0,0,0,22.912,1.82513,6.17343,0,0,296.606,0,0,7.76402
83.8265,0,540.502,0,1.43282,0.939698,312.065,0,0,0,11,0,1.16608,4.46961,0,0,0,0,44.716,5.22829,12.8267,0,0.111163,161.059,0,2.33259,8.20687
101.315,0,1222.65,1.62873,2.85857,0,452.675,0,0,0,14,0,0,0,0,0,0,0,95.563,12.9511,24.3263,0,0,59.215,0,0.785417,8.44471
93.2396,0,1074.23,0,0.850599,0.583832,702.272,0,0,0.945137,17,0,0,5.85027,0,0,0,1.34001,108.252,1.12149,7.30471,0,0,103.319,0,0,8.51115
83.2025,0,238.373,0,5.8327,0.853014,320.317,0,0,0,10,0,0,5.0727,0,0,0,0,58.601,2.94888,2.54386,0,0.57749,140.479,0,0,8.92683
93.4092,0,974.936,0.174383,3.00429,2.30644,566.047,0,0,1.20478,13,0,0,0,0,0,0,0,119.253,5.86095,7.80332,0.477488,0,93.03,0,0,9.19762
159.763,0,3701.89,0,0,1.45278,902.14,0,0,4.35583,19,0,0.184065,5.44995,0,0,0,0,83.274,15.8354,63.0057,0,2.84873,62.68,0,4.88182,9.25554
48.3622,0,722.359,0.968181,0.819189,0,441.666,0,0,2.68291,11,0,1.23481,2.21718,0.59884,0,0,0,152.806,8.41717,23.6608,1.11536,6.39728,58.092,0,0,9.37163
66.4554,0,1011.55,0,0.58504,0,747.001,0,0.01222,0,14,0,0,4.29048,0,0,0.482165,0,116.39,5.444,20.1581,0,0,108.835,0,1.7734,9.37535
90.9689,0,516.294,0,0.154755,1.73337,566.744,0,0,30.5885,14,0,2.39406,0.764619,10.7809,7.29093,0,0,101.755,4.34376,15.6707,0,0,139.211,0,1.46267,9.48161
50.0661,0,311.619,0,2.78071,1.84696,340.524,0,0,1.21679,10,0,0,4.49925,0,2.00486,0,0,63.557,10.2789,9.52984,0,0,122.565,0,0,9.60644
96.0957,0,1146.55,0,1.25939,0,458.634,0,0,0.814319,14,0,0,1.27644,0,0,0,0,88.041,6.59114,35.8049,0,0,91.227,0,0.868029,9.7086
73.584,0,1074.69,0.995783,1.26363,0,376.194,0,0,0,10,0,0,2.34499,0.06617,0,0,0,114.482,5.41849,22.2878,0,0,77.457,0,0.828901,10.1651
135.252,0,1380.54,1.87469,9.93202,0.163049,1066.58,0,0,0,20,0,0.309358,3.67562,0,0,0,0,108.959,20.7055,42.1698,0,0,128.158,0,2.41796,10.506
67.0044,0,1274.29,0.778636,0,0.725729,471.116,0,0,0,11,0,0,1.51273,0,0,0,0,130.654,6.48147,5.06564,0,0,78.352,0,0,10.5095
92.7106,0,135.758,0,0,0,0,0,0,2.58225,10,0,0,1.90701,0,0,0,0,0,0.600464,13.9351,0,0,0,0,0,10.8113
143.811,0,877.428,1.91635,2.52988,0,710.107,0,0,0.688322,17,1.80905,0,1.84651,0,2.75011,0,0,85.425,4.9897,36.0694,6.5049,8.28048,134.482,0,0.907916,11.1671
109.762,0,4.95427,21.1377,1.85918,1.65273,519.997,0,0,3.46518,13,0.843492,0,4.88968,0,0,0,0,92.81,310.943,567.168,0,0,88.356,0,0,11.4499
70.568,0,227.565,0,0,0,500.373,0,0,0,12,0,0,0,0.096574,0,0,0,66.929,31.7613,63.1074,0,0,123.782,0,1.16124,11.5902
131.382,0,199.115,0,0,0,0,0,0,1.12641,13,0,0,0,0,0,0,0,0,3.18534,0.145196,0,0,0,0,0,11.9531
123.002,0,1016.3,1.19302,3.03906,0.908371,475.948,0,0,0,14,0,0,2.83728,0,0,0,0,84.726,9.05721,12.4397,0,0,91.374,0,0,12.7079
89.1463,0,173.691,0,0.065653,0,0,0,0,0.92202,10,0,0,8.99025,0,0.49792,0,0,0,2.59735,7.69826,0,0.223718,0,0,0.628216,13.1067
64.5942,0,231.72,0,0,0,0,0,0,1.08799,10,0,0,0,0,0,0,0,0,3.20707,4.40979,0,0,0,0,0,13.2623
128.025,0,862.881,0.110682,0,0,741.697,0.973164,0,7.84237,14,0,0.805224,1.29942,1.23597,1.77854,0,0,119.502,12.0069,28.0223,0,0,129.299,0,0,13.5369
170.026,0.104295,26.5092,0,34.153,0,607.594,0,0,0,19,0,0,16.8052,0.25968,0.746693,0,0,38.826,56.4257,227.255,4978.63,3940.71,77.526,20.9444,0,13.6387
112.315,0,2679.42,0.003573,0.569539,0.496922,641.607,0,0,6.40286,14,0,0,5.373,0,0,0,0,87.055,15.9578,52.0877,0,0,53.386,0,3.32375,13.6506
56.8739,0,693.519,0,1.5991,0.077002,472.306,0,0,0,12,0,0,3.17554,0,0,0,0,109.87,3.25771,26.9926,0,0,86.541,0,1.71604,14.2055
135.4,0,541.282,0.489364,0.756513,0,788.765,0,0,0,14,0,0.310981,8.03231,0,0,0,2.92392,84.635,2.42157,5.11036,0,0,138.581,0,1.74931,14.2363
81.0586,0,876.193,0,0.890738,1.59069,390.868,0,0,0,11,0,0,7.72511,0,0,0,0,109.495,6.34477,21.4919,0,0,124.458,0,0,14.8283
93.8817,0,629.959,0,2.4393,0,493.725,0,0,1.57104,13,0,0,3.45509,0,0,1.42136,0,101.052,9.51402,9.6449,0,0,126.631,0,0,15.2398
151.3,0,274.909,0,1.94395,0,590.714,0,0,0.765584,13,0,0,2.87481,0,0,0,0,33.64,0.396329,6.47013,0,0,207.161,0,0,15.3838
56.9274,0,756.849,0,2.36258,1.75657,372.24,0,0,0,10,0,0,3.27427,0,0,0,0,159.767,7.77874,13.47,0,0,82.183,0,0,15.421
81.9131,0,0.837716,0.01959,0,0,497.066,168.559,0,0.248573,12,0,0,3.51949,30.3847,49.5505,0,0,88.559,55.3445,126.478,0,0,132.425,6.92233,0,15.5569
98.5844,0,90.5768,3.66605,12.2066,1.62072,0,0,0.08486,0,12,0,0,5.38734,0,0,0,0,0,10.1627,26.6153,0,0,0,0,3.13681,15.6518
53.9554,0,363.341,0.536683,1.9802,0.216468,468.376,0,1.56017,11.1254,12,0,0,0,0,2.05852,0,0,101.4,8.7419,14.1637,0,0,84.418,0,0.600861,15.747
85.8901,0,471.81,0,0,0,461.083,0,0,2.31507,12,0,0,4.51095,0,0,0,0,78.237,1.86839,3.13122,0,0,75.625,0,0,16.0344
84.1002,0,639.869,0,0.466347,1.5224,632.93,0,0,1.87335,13,0,0,1.014,1.07689,0,0,0,110.122,0,20.632,0,0,161.517,0,0,16.1786
75.4892,0,490.88,0,0,0.052547,479.071,0,0,0,12,0,1.04563,1.21089,0,0,0,0,109.644,7.97105,20.0708,0,0,140.484,0,2.00208,16.2445
75.416,0,5.59665,0,0,0,315.827,145.088,0,0,10,0,0,3.95995,36.5075,75.9867,0,0,36.341,22.1917,52.772,0,0.867274,153.227,0,0,16.5805
82.0133,0,304.171,0,0,0,0,0,0,1.66095,10,0,1.95824,5.31651,0,0,0,0,0,0.630781,4.83883,0,0,0,0,0.910769,17.1384
139.833,0,1387.79,0,3.94918,1.64119,723.46,0,0,1.87912,20,0,0.208989,3.33655,0,0,0,0,78.663,10.9804,21.6257,0,0.601418,130.435,0,0,17.3491
91.4517,0,2637.74,0,0,0,686.511,0,0.720004,0.141193,15,0,0,8.59083,0,0.788294,0,0,106.396,9.99791,37.5572,0,0,52.493,0,0.277773,17.8581
92.1992,0,607.614,0,0.726326,0.062112,0,0,0,0,11,0,0,3.70855,0,0,0,0,0,10.295,17.1591,0,0,0,0,0,17.86
98.8408,0,307.286,0,0,0,372.357,0,0,3.62776,11,0.99438,0,6.3471,0,0,0,0,75.675,4.65789,1.11183,0,0,178.195,0,0,18.0552
150.358,0,1223.68,0,1.74796,0.315143,587.022,0,0,2.26221,24,0,0,17.0687,0,0.010652,0,0,47.773,8.50385,23.4049,0,0,309.787,0,0,18.1446
94.2872,0,0.167752,0,0,0,0,0,0,14.5012,10,0,5.33102,1.76706,0.481411,4.86621,0,0,0,0,0.476628,47.9382,32.7776,0,0,1.83089,18.1647
94.7914,0,1058.22,0,3.16967,0,500.526,0,0,0,14,0,0,1.84246,0,0,0,0,86.325,4.48468,18.0497,0,0,102.979,0,0,18.473
113.075,0,1229.53,0,1.57451,0.502625,441.229,0,0,0.266476,13,0,0,0.322318,0,0,0,0,90.175,7.57073,18.2842,0,0,79.24,0,0,18.6648
79.2261,0,259.278,0,3.79109,0,514.838,0,0,22.9919,13,0,2.54206,6.41764,10.4829,11.9189,0,0,28.454,0,4.88169,3.64043,0.067243,272.197,0,0,18.8061
127.06,0,262.344,0,0,0,541.572,0,0,1.47899,13,0,0,2.148,0,1.4028,0,0,49.731,3.52895,2.03605,0.296819,0,201.936,0,0,18.8665
74.8726,0,430.483,0,2.26705,0.856346,439.664,0,0,3.56971,14,0,0,0,0,0,0,0,105.32,9.50836,10.004,0,0,241.758,0,0.768742,19.4865
121.577,0,875.185,0,1.23763,0.770424,533.494,0,0,1.35274,13,0,0,4.82303,0,0.950527,0,0,86.777,8.13156,33.9755,6.13183,3.45502,92.026,0,2.13196,19.5695
105.161,0,2154.97,0,2.6192,0.264137,594.101,0,0,1.52769,16,0,0,10.2939,0,0,2.44571,0,91.001,7.73306,37.5668,0,0,66.588,0,0,20.0325
150.585,0,2249.85,0,10.4969,2.45092,796.958,0,0,2.87249,19,0,0,8.75794,0,0,0.689744,0,127.803,11.7388,22.4065,0,0,142.81,0,0,20.1288
97.2263,0,347.689,0,2.8303,0.372621,744.634,0,0,1.24244,14,0,0,0.679701,0.019157,0,0,0,44.337,0.495274,3.47435,0,0,219.849,0,2.27235,20.5237
122.441,0,382.27,2.98549,0,0,531.782,0,0,0.828032,12,0,0,3.09446,0,0,0,0,55.023,4.68072,9.35964,0,0,142.557,0,0,20.7348
107.353,0,557.852,0,2.67996,0.378307,537.623,0,0,2.91127,14,0,0,2.39037,0,0,0,0,111.059,4.16379,13.6606,0,0,179.282,0,0,21.1726
55.2405,0,706.484,0,1.81226,0.959721,542.986,0,0,0,12,0,0,4.83341,0,0,0,0,173.87,2.20353,10.8565,0,0,93.529,0,0.358685,21.2065
63.5102,0,492.207,0,0,0.060756,482.014,0,0,0,12,0,0,0,0,0,0,0,94.602,1.01179,5.03662,0,0,156.195,0,0,21.2124
51.5016,0,508.731,0,0,1.80073,510.279,0,0,0,12,0,0,2.50376,0,0,0,0,175.311,2.81389,4.27381,0,0,91.713,0,1.27564,21.3223
63.1308,0,833.351,0,0,0.472919,546.964,0,0,4.84474,14,0,0,4.95056,0,0,0.931334,0,113.035,4.71908,20.7011,0,0,89.307,0,0,21.6089
134.208,0,464.243,0,0.640406,0,598.721,0,0,0,13,0,0.514945,2.67442,0,0,0,0,45.566,1.02179,2.81958,0,0,207.73,0,0,21.6418
127.586,0,1259.9,1.08642,0,0,697.274,0,0.681493,2.55473,15,0,0,3.46912,0,0,0,0,132.439,2.67703,18.2513,0,0,125.935,0,0,21.948
117.771,0,440.645,0,1.56176,0.555332,444.408,0,1.83105,0,14,0.048247,0.908564,4.22594,0,0,0,0,90.123,8.98592,12.5412,0.737022,0,213.847,0,1.75177,22.4273
130.229,0,396.421,0,0,1.21851,505.487,0,0,4.14255,14,0,0,0,0,0,0,0,71.446,3.12616,15.7237,0,0,237.052,0,0,22.5041
148.215,0,390.693,0,2.93468,0,628.879,0,0,0.265385,14,0,0,1.42229,0,0,0,0,39.275,9.61254,5.49009,0,0,236.306,0,0,24.185
94.8605,0,501.978,0,0.160948,0,600.11,0,0,0,13,0,0,2.24638,0,0,0,0,76.347,0,10.0144,0,0,114.793,0,1.13184,24.2173
84.954,0,6.68021,4.13012,0,0,471.843,194.597,0,0,14,0,0,6.86575,23.5114,32.1672,0,0,123.047,222.346,502.325,0,0,144.134,2.73628,0.667646,24.2599
73.1379,0,447.342,0,0,0,0,0,0,0.396305,11,0,0,6.57311,0,0,0,0,0,2.03489,2.94666,0,0,0,0,0,24.8392
114.507,0,208.267,0,0,1.32743,518.381,0,0,0,12,0,0,0.56699,0,0,0,0,34.904,0,0,0,0,173.884,0,1.559,24.8876
64.4177,0,941.309,0,3.5755,0.453811,486.219,0,0,0.290344,12,0,0,3.43202,0.327701,0,0,0,98.305,3.00128,23.2371,0,0,105.881,0,0.458026,24.9255
92.6203,0,224.793,0,0.687221,0.364024,0,0,0,2.93186,12,0,0,1.91175,0.118453,0,0,0,0,2.70543,8.22569,0,0,0,0,0,24.9789
146.64,0,0,12.2516,0.773326,0,1081.19,0,0,4.78116,25,0,0,4.24541,2.28123,0,0,0,126.966,380.079,902.798,0,0,234.686,0,2.43144,25.1182
62.2337,0,371.647,0,0,1.68829,367.343,0,0,1.53164,10,0,0,1.17081,0,0.648015,0.553821,0,238.925,7.04517,3.33371,0,0,136.23,0,0,25.1906
108.305,0,105.74,0,0,0,0,82.5722,0,0,15,0,0,3.17779,3.76471,19.2651,0,0,0,46.9099,84.5318,0,0,0,0,0,25.4679
93.1984,0,2404.21,0.85022,5.13435,0,629.769,0,0,2.75307,16,0,0.453985,9.68394,0,0,0,0,86.943,13.2798,43.5928,0,0,50.217,0,0,25.6383
112.084,0,1556.88,0,1.95631,0.464057,556.954,0,0,0.42385,14,0.247926,0,0.538023,0,0,0,0,99.986,16.3937,35.6582,0,0.835223,75.856,0,0,25.7017
89.4709,0,853.954,0,2.05214,0,530.856,0,0,0,14,0,0,0.01157,0,0,0,0,123.967,2.02433,5.08027,0,0,106.902,0,0,25.8262
65.2061,0,243.941,0,0.156986,0,0,0,0,0.199152,10,0,0,2.77505,0,0,0,0,0,6.63493,0.018442,0,0,0,0,1.45606,26.0216
113.995,0,808.357,0,0,0,638.734,0,0.804789,6.63389,14,0,0,4.39968,0,0,0,0,63.604,3.8729,14.8075,0,0,92.347,0,0,26.4852
90.1562,0,567.455,0,0.929829,0,0,0.089116,0,0,11,0,0.210157,0.824906,0,0,0,1.02454,0,3.86038,3.39436,0,0,0,0,0,26.6666
121.933,0,751.215,0,5.15532,1.30035,702.979,0,0,1.14555,15,0,0,3.51204,0,0,0,0,79.394,3.21863,11.0215,0,0,171.344,0,0,26.967
114.501,0,1010.43,0,0.404717,2.08136,505.759,0,0,1.94708,14,0,0,8.78481,0,0,0,0,77.134,12.3121,16.6913,0,0,119.267,0,0,27.3409
60.0217,0,495.951,0,0.531194,0,384.709,0,0,0,10,0,0,8.43019,0,0,0,0,101.457,1.67269,7.97312,0,0,128.509,0,2.53504,27.7256
130.071,0,376.51,0,0,0,621.176,0,0,0.709434,14,0,0,3.57601,0,0,0,0,53.659,0.849187,5.74105,0,0,242.992,0,1.75366,27.7325
105.061,0,204.896,0,0,0,0,0,0,2.01861,11,0.356929,0,0,0,0.162032,0,0,0,0.266324,5.38793,0,0,0,0,0,28.0103
90.4439,0,1152.65,0,0.858801,0,536.959,0,0,5.12394,13,0,0,3.13415,1.63538,0.296479,0,0,110.152,2.08479,27.293,4.10012,0,63.212,0,0.54031,28.3182
160.814,0,14.0642,0,0,0,0,23.5556,0,0,14,0,0,18.2972,11.6728,14.5667,0,0,0,30.9741,46.8961,0,0,0,0,4.72319,28.3457
92.2801,0,780.527,0,3.7251,3.22742,543.591,0,0,3.30315,13,0,0,4.49909,0,0,0,0,69.977,5.59394,13.6023,0,0,103.015,0,0,28.4067
127.281,0,749.624,0.897941,3.53338,0.49241,761.93,0.615593,0,4.31886,15,0,1.58133,11.8149,2.07006,4.12113,0,0,82.335,10.2942,16.599,76.7647,75.8035,147.162,0,0,28.8995
120.7,0,1485.96,0,3.80286,0.049615,711.034,0.429683,0.823212,8.30214,18,0.630705,0,0,0,0,1.94437,0.798542,102.495,7.38332,30.0626,0,0,85.159,0,0,29.1015
31.5794,0,563.025,0,0,0,479.365,0,0,0,11,0,0,3.61875,0,1.19397,0,0,209.503,9.19096,1.49565,0,0,126.33,0,2.17167,29.4336
133.951,0,915.192,0,1.85362,0,585.306,0,0,0,13,0,0,4.12711,0,0,0,0,79.418,5.43695,14.5117,0,0,91.135,0,0,29.9905
93.8279,0,1011.08,0,1.90748,0,495.474,0,0,0,12,0,0,2.79809,0,0,0,0,82.991,1.08841,14.7079,0,0,57.481,0,0,30.1637
129.548,0,2.93596,0.963767,0,0,0,25.6676,0,0.058696,13,2.67037,0,0.204453,4.94878,20.6612,0,0,0,27.4785,69.5219,0,0,0,0,0,30.2073
120.765,0,1524.62,0,2.15175,0,1059.64,0,0,0,20,0,0,11.2698,0.102087,0,0,0.282442,90.61,13.7818,22.0568,0,0,112.312,0,0,30.4337
126.727,0,609.677,0,0,0,480.403,0,0,5.22942,13,0,0,6.72022,0.758543,0.722515,0,0,79.209,4.91966,15.1544,0,0,130.149,0,0,30.5417
105.013,0,702.559,0,7.36358,2.82305,488.299,0,0,0,12,0,0,1.55316,0,0,0,0,130.825,0,13.1294,0,0,71.798,0,0,30.6311
52.928,0,502.653,1.94885,0,0,431.542,0,0,0.137136,11,0,0,0.531936,0,0,0,0,117.808,13.4708,10.8799,0,0,141.547,0,0,30.9804
72.6773,0,286.988,0,0,1.28553,567.214,0,0,1.00788,13,0,0,1.69519,0,0,0,0,101.322,3.58988,6.71854,0,0,282.194,0,1.9599,31.8857
61.5976,0,175.311,0,2.5002,0,0,0,0,3.65863,10,0,0,6.1424,0,0,0,0,0,3.73605,5.2928,0,0,0,0,0,31.9119
122.362,0,513.932,0,0,0,676.747,0,0,0.290007,14,0,0,5.81156,0,0,0,0,65.986,10.0298,10.2556,0,0,195.179,0,0.800843,32.0564
109.122,0,714.634,0.215451,2.62793,2.31255,456.978,0,0,0,15,0,0,9.37299,0,0,0,0,85.175,13.0689,36.7619,0,0,121.886,0,0,32.1046
148.749,0,1738.9,0.247818,2.0837,0,507.88,0.165277,0,0.263011,14,0,2.90323,3.8369,0,0,0,0,95.773,10.5842,41.3854,0,0,77.835,0,0.680716,32.1973
98.4304,0,505.169,0.214029,0,0,574.483,0,0,3.18675,13,0,0,0,0,0,0,0,55.97,5.98213,11.0318,0,0,84.992,0,2.10434,32.2205
94.8559,0,4.89804,0,0,0,0,86.581,0,0,12,0,0,14.4063,18.0609,25.293,0,0,0,5.73381,30.4034,0,2.30057,0,0,0,32.8956
139.206,0,101.457,0,0,0,0,0,0,2.40332,13,0,0,9.53808,1.83228,0,0,0,0,1.70022,6.17325,0,0,0,0,1.89888,33.0066
114.077,0,603.407,0,1.43469,0.314067,533.761,0,0,0,13,0,0,1.11535,0,0,0,0,90.383,7.68576,12.8223,0,0,114.609,0,0,33.0537
94.285,0,300.461,0,0,0.576737,645.62,0,0,5.70318,13,0,0,5.79313,0,0,0,0,45.856,1.04129,4.72176,0,0,203.581,0,3.35644,33.0621
54.4057,0,442.906,0,0,0,371.492,0,0,0,10,0,0,5.14961,0,0,0,0,149.54,0.104822,5.06645,0,0,175.185,0,0,33.1023
78.9165,0,159.797,0,0,0,281.844,0,0,4.78103,10,0,0,4.68356,0,0,0,0,45.041,1.98725,3.6199,0,0,185.288,0,2.46013,33.3458
83.9894,0,892.91,0,0.090593,0.919059,458.222,0,0,0,14,0,0,2.3005,0,0,0,0,102.876,6.60139,14.6948,0,0,111.723,0,0,33.6444
76.9453,0,118.373,0,0,0.566028,0,0,0,0,10,0,0,2.12657,0,0,0,0,0,0,5.72691,0,0,0,0,0.911642,33.6464
125.515,0,222.73,0,0.414019,0,520.824,0,0,1.01852,13,0,0.073306,1.12078,0,0,0,0,38.635,5.48809,3.11066,0,0,283.158,0,0,33.7166
99.8107,0,468.974,0,0,0,607.28,0,0,0.821138,13,0,0,2.63293,0,0,0,0,63.188,0.089185,17.5831,0,0,161.319,0,1.99707,34.0227
98.8201,0,95.6312,1.87964,0,0,0,42.2943,0,0,14,0,0,4.28357,5.66636,4.75459,0,0,0,77.8483,221.808,0,0,0,0,0.968563,34.1238
104.884,0,327.443,0,0.007885,0.43196,716.34,0,0,1.02148,14,0,0,1.59684,0,0,1.03688,0,43.129,0.536323,11.7579,0,0,259.223,0,0,34.1991
108.88,0,685.043,0,0,0,382.841,0,0,0,10,0.660611,0,4.9508,0,0,0,0,87.553,11.6313,39.9028,0,0,149.726,0,1.5271,34.2922
84.5534,0,886.748,0.454605,2.76046,0.201691,458.966,0,0,2.2721,12,0,1.93369,1.22689,0,0,0,0.745374,162.783,23.6241,41.4261,0,0,103.351,0,0,34.8615
85.6811,0,738.491,0,0,0,528.114,0,0,0,12,0,0,0.136396,0,0,0,0,96.875,3.39372,14.2125,0,0,83.477,0,0,35.2255
121.819,0,704.486,0,0,0,566.325,0,0,0,14,0,0.098774,4.42351,0,0,0,0,106.026,9.07453,15.4017,0,0,129.259,0,0,35.2718
114.886,0,500.877,0,0,0,588.672,0,0,0.032348,13,0,0,0,0,0,0,0,84.625,1.16915,12.3035,0,0,162.007,0,0,35.4073
61.3943,0,583.438,0,1.76401,0,394.749,0,0,5.13798,10,0,0,5.95021,0.48927,0,0,0,222.853,4.89141,17.6059,0.958669,0,114.889,0,0,35.5451
117.857,0,580.103,0,0,0,653.073,0,0,0,15,0,1.117,3.85289,0,0,0,0,37.521,0.990834,11.3434,0,0,285.156,0,0.334468,35.6074
162.306,0,1075.97,0,0.533264,0,852.934,0,0,0.412076,19,0,3.89688,11.2774,0,0,0,0,106.858,12.9949,16.6757,0,0,179.11,0,0.51886,35.7097
112.132,0,548.638,0,0.149473,0,548.855,0,0,4.6151,14,0,0,5.68599,0.257592,0,0,0.398984,51.825,5.80874,11.8905,0,0,190.164,0,0.931092,35.9751
69.9539,0,369.076,0.548009,0.775557,0,458.732,0,0,0,12,0,2.55139,0.90533,0,0,0,0,86.277,0,4.68843,2.89485,0,121.238,0,0,36.8802
119.743,0,1080.4,0,4.3872,0.023668,637.115,0,0,2.86693,16,0,0,2.52156,0,0,0,0,153.438,6.21656,14.4933,0,0,163.283,0,2.91784,37.1137
86.3241,0,220.375,0,0.772514,0.265937,0,0,0,8.93891,13,0,0,2.07722,0,0,0,0,0,2.09817,6.5144,0,0,0,0,0,37.4968
97.6875,0,414.19,0,0.778663,0,497.516,0,0,2.47187,13,0,0,0,0,0,0,0,101.542,4.56817,7.56228,0,0,176.475,0,0,37.6507
133.262,0,712.512,0,1.67348,1.24285,702.972,0,0.096668,0.395091,19,0,0,2.87939,0,0,0,0,82.431,8.87401,19.6023,0,0,180.738,0,0.710519,38.2835
81.3511,0,624.873,0,0,0,471.644,0,0,0,10,0,0,2.04926,0,0,0,0,283.077,2.09379,13.3752,0,0,94.327,0,0.478506,38.3142
92.6461,0,227.476,0,0,0,546.701,0,0,0,13,0,0,5.18894,0,0,0,0,33.172,0.9893,7.54808,0,1.84955,222.668,0,1.23253,38.4249
96.7633,0,969.339,0,1.78637,0,440.604,0,0,0.508485,11,0,0.69148,5.40054,0,0,0,0,149.64,2.17872,16.8653,0,0,120.177,0,0,38.5314
79.4399,0,271.882,0,4.51881,0,597.784,0,0,3.3859,13,0,0,4.82399,0,0,0,0,33.813,0,6.5714,0,0,179.498,0,3.25742,38.5884
127.398,0,385.217,0,2.79705,0,604.796,0,0,5.36936,13,0,0,0,0,0,0,0,40.068,5.16004,17.2642,0,0,108.673,0,5.11541,39.0182
171.58,0,501.308,0,1.90295,0,837.356,1.69925,0,0,19,0.739578,0,2.80578,0,0,0,0,84.208,4.31236,8.9931,0,0,280.404,0,0,39.4159
106.822,0,227.811,0,1.33383,0,0,0,0,4.41136,14,0,0.040249,2.50891,0,0,0,0,0,0.968034,1.07257,0,0,0,0,0,40.4247
123.713,0,809.452,0.328214,0.647804,0.399605,486.707,0,0.000275,0.951882,15,0,0.837675,2.6685,0,0,0,0,92.273,5.3194,15.846,0,0,153.61,0,0,40.8176
117.076,0,378.792,0,0,3.67057,655.717,0,0,0.025062,14,0,0,2.4697,0,1.5288,0,0,56.615,2.75926,2.41109,0,0,223.584,0,0,40.9347
63.6752,0,275.315,0,0.526344,0,0,0,0,0,10,0,0,2.86362,0,0,0,0,0,0,6.66845,0,0,0,0,0,40.9971
175.168,0,2048.11,0.916483,3.56292,0,909.934,0,0,18.0868,19,0,0,5.94312,0.284622,0.979442,0,0,92.897,26.3462,49.148,0,0,86.339,0,1.13714,41.2173
165.718,0,1706.98,1.54193,3.50589,2.47402,808.549,0,0,0.081386,19,0,0.335288,14.596,0,0,0,0,77.908,11.6679,29.7634,0,0,72.91,0,1.78623,41.2538
74.4674,0,824.091,0,7.87612,0.145676,484.284,0,0,0,11,0,0,0.090567,0,0,0,0,208.962,13.5158,31.9427,0,0,113.666,0,0,41.2812
141.548,0,1465.3,0.607382,1.52898,0,752.057,0,0,2.48005,18,0,0,1.53868,0,0,0,0,90.384,8.99842,34.8959,0,0,99.36,0,0,41.3698
127.143,0,217.352,0,0,0,0,0,0,3.24757,13,0,0,8.62489,0,0,0,0,0,0,3.35029,0,0,0,0,0,42.054
154.098,0,14.5598,4.90556,2.28844,0,0,185.893,4.91789,4.94423,20,2.93983,13.9407,12.0298,77.3405,118.169,1.47276,0,0,80.1822,212.515,0.176701,4.59805,0,0,0.386096,42.5543
139.577,0,626.597,0,0,0,635.465,0,2.38172,2.4397,19,0,2.43137,5.26228,0,0.45971,0,0,73.151,1.67598,1.32968,0,0,172.275,0,0.221156,42.7455
75.6919,0,316.315,0,0,0,0,0,0,2.16805,10,0,0,14.0017,0,0,0,0,0,1.89233,5.56251,0,0,0,0,2.15627,42.8286
116.684,0,606.421,0,1.71699,0,624.896,0,0,2.83943,14,0.575876,0,2.37717,0,0,0,0,59.039,10.9417,18.5815,0,0,133.888,0,2.81726,43.4279
107.235,0,826.788,0,0.170613,0,568.111,0,0,20.4374,14,0,0,1.03435,0,1.04009,0,1.96036,97.225,4.83152,22.4871,0,0,117.453,0,0.127368,43.4441
86.617,0,993.398,0,2.43464,0,617.834,0,0,0.620784,16,0,0,2.53918,0,0,0,0,108.288,13.871,15.6925,0,0,148.545,0,0.81363,43.445
103.83,0,286.733,0,0,0,529.748,0,0,1.75002,14,0,1.87776,2.04171,0,0,0,0,43.412,10.0627,4.16755,0,0,225.133,0,0,43.5502
89.2732,0,338.893,0,4.1858,0,511.433,0,0,0,13,0,0,2.15381,0,1.17447,0,0,57.556,3.62943,1.40206,0,0,208.242,0,0.240621,43.5894
143.993,0,191.985,0,1.5924,0,0,0,0,2.62983,13,0,0,0.31676,0,0,0.934474,0,0,2.42441,6.77451,0,0,0,0,3.3332,43.5978
68.2132,0,346.143,0,0.598048,0.673974,0,0,0,6.53813,10,0,0,3.69459,0,0,0.681318,0,0,0.892004,8.12049,0,0,0,0,2.25664,44.1114
102.507,0,579.191,0,0,1.16741,765.043,0,0.174848,1.97766,15,0,0,6.39707,0,0,0,0,138.58,4.82161,2.24643,0,0,174.547,0,0,44.1379
103.288,0,343.586,0,2.17797,0,656.571,0,0,0,14,0,0,11.6865,0,0,0,0,59.425,1.21598,11.3633,0,0,241.154,0,0.88022,44.4326
159.711,0,3.03161,1.51155,141.254,16.7529,598.862,0,0.406553,6.29888,19,4.78828,3.07464,9.50945,0,0,0,0,19.781,82.9207,184.755,0,0,314.701,0,0,44.4801
145.141,0,932.311,0,0.393423,0.078878,736.924,0,0,3.03045,18,0,0,3.33773,0,0,0,0,142.128,1.46964,18.476,0,0,200.591,0,0.341338,44.559
106.39,0,33.8481,0,0,0,0,146.917,0,4.44259,14,0,0,6.18805,0.427306,21.5888,0,0,0,19.3277,53.4426,0,0,0,0,2.29238,44.6961
170.005,0,807.424,0,0,0,730.677,0,0,0.285525,18,0,0,4.44782,0,0,0,0,104.378,11.0141,22.8039,0,0,195.428,0,0.705769,44.7351
98.8592,0,1020.39,1.05134,3.55752,4.05753,455.341,0,0,9.14828,14,0,0.63239,4.47845,0,0.011429,0,0,87.439,5.38348,11.522,0,0,94.778,0,0,45.046
109.163,0,607.438,0,2.54844,1.81415,545.996,0,0,0,13,0,0,0.825513,0,0,0,0,67.586,8.86303,6.17532,0,0,99.045,0,0,45.4178
105.451,0,27.1826,0,0,0,0,90.3058,0,0.420422,14,0,0,5.02056,3.86014,0,0,0,0,14.2961,30.6252,0,0,0,0,0.878366,45.643
89.6785,0,1067.57,0,0,1.61929,692.496,0,0,0,13,0,0,3.221,0,0,0,0,86.108,2.56907,30.9504,0,0,72.457,0,0,45.6496
158.273,0,272.867,0,0,0,605.409,0,0,0,13,0,0,2.77044,0,2.19841,0,0,39.034,2.85881,6.32249,0,0,145.504,0,0,45.8906
49.9319,0,385.72,0,0,0,379.408,0,0,0,10,0,0,1.01187,0,0,0,0,93.13,0.931452,6.30507,0,0,66.232,0,1.26185,45.892
98.014,0,372.144,0,0,0.319576,599.127,0,0,0.091634,13,4.21102,0,2.47504,0,0,0,0,36.725,1.21065,7.86353,0,0,207.199,0,0,45.9254
98.0104,0,589.922,0,0.253027,0.574659,549.711,0,0,0.391039,14,0,1.93511,4.73783,0,0,0,1.25934,71.158,3.69617,12.3178,0,0,153.041,0,0,46.0919
95.9339,0,308.104,0,0,0,0,0,0,0,12,0,0.808124,2.66077,0,0,0,0,0,6.16373,3.05099,0,0,0,0,0,46.3961
67.6863,0,268.351,0,0,0,280.701,0,0,3.16736,10,0,0,6.82261,0,0,0,0,56.265,0.303714,7.63963,0,0,182.68,0,0,46.4671
59.8019,0,61.9257,0,0,0,0,224.637,0,1.15405,10,0,0,3.51724,3.14464,4.28737,0,0,0,16.4139,26.8596,0,0,0,0,1.00283,46.4771
140.92,0,817.517,0,0.9049,0,702.081,0,0,0,19,0,0,6.02686,0,0,0,0,17.964,3.50455,22.5377,0,0,375.256,0,1.77473,46.8369
131.755,0,198.196,0.855052,0,0,0,0,0,2.22573,13,0,0,11.069,0,0,0,0,0,2.71197,3.13152,0,0,0,0,0,46.96
79.9336,0,1880.47,0.954622,0.368909,0,540.15,0,0,0,15,0,0,0.704512,0,0,0,0,92.031,8.96408,21.0809,0,0,100.891,0,1.27072,47.0785
175.453,0,4.8517,19.8317,0.282372,1.57327,1299.13,0,0,4.82577,30,0,0,7.42506,0,0,0,0,106.742,998.203,2213.01,0,0,122.984,0,0,47.0937
86.4079,0,21.5973,0,0.85693,0,496.428,265.156,0,0,13,0,0,8.50202,71.4387,133.635,0,0,84.834,58.6437,156.676,0,1.18104,136.805,0,0,47.4019
87.5834,0,106.287,9.43509,0,0,617.299,548.259,0,2.87786,15,0,0.621347,2.67412,181.246,352.695,0,0,117.265,222.563,580.17,2.68512,0.716344,56.795,4.73051,1.98797,47.4032
45.1255,0,6.53188,0.896334,0,0,0,154.634,0,0.364999,10,0,0,5.81944,29.1685,82.3384,0,0,0,24.9878,80.8929,0.569851,0,0,0,0,47.4048
171.033,0,4.38979,1.58089,0,0,0,80.1539,0,0,13,0,0,4.6301,17.1867,32.6531,0,0,0,27.1022,71.8559,0,0.915447,0,0.276922,0,47.4112
66.4655,0,17.5268,0.042705,2.34669,0,288.042,59.3275,0,0,10,0.54218,0,5.90288,31.6605,52.378,0,0,60.264,21.5261,70.4376,0,0,195.048,0,0,47.4167
67.3731,0,5.15169,7.25025,0.91671,0,437.647,178,0,0.790718,12,0.040451,0,4.16653,35.6405,72.0623,0.81144,0,143.907,46.7809,94.9288,0,0,170.568,0.821031,0,47.4188
86.6062,0,93.9926,9.75146,0,0,612.486,802.745,0,1.32983,15,0,0,4.24603,197.353,457.527,0,0,98.89,273.012,598.11,3.19499,0.229783,81.808,6.37578,0.626009,47.426
98.1887,0,880.737,0,1.30055,0,599.397,0,0,0,15,0,0,0.73108,0,0,0,0,122.092,3.5197,6.03891,0,0,170.478,0,1.3396,47.7038
141.309,0,1776.71,0.486557,0.768406,0,680.082,0,0,1.91642,18,0,0,2.94781,0,0,0,0,81.673,6.69663,32.953,0,0,75.708,0,3.98868,47.8743
149.309,0,1270.15,0,0.788052,0.305688,651.344,0.624308,0,0,19,0,0.478122,3.86698,0,0,0,0,92.408,13.4226,21.1056,0,0,134.208,0,0,47.917
85.9825,0,1859,0.550277,4.52147,0,612.757,0,0,0,16,0,0,3.60371,0,0,0,0,92.921,13.2454,35.2477,0,0,65.743,0,0,48.1334
140.142,0,1241.8,0,1.64716,0,765.932,0,0,0.530423,14,0,0,0.064317,0,0,0,0,90.194,15.4159,17.3225,0,0,102.711,0,0.552512,48.3339
63.7205,0,1.70596,0,0,0,0,126.48,0,2.86019,10,0,0,4.26262,24.9265,26.9884,0,0,0,23.6067,50.9324,0,0,0,0.114046,0.475663,48.5785
76.4414,0,495.189,0,0,2.37993,525.712,0,2.46121,1.83187,13,0,0,3.86691,0,0,0,0,92.994,5.73864,14.274,0,0,167.627,0,0,48.637
46.1616,0,368.747,0,1.79783,0,364.064,0,0,2.71577,10,0,0,0.288774,0,0,0,0,119.814,0.876473,9.39899,1.31752,0,175.915,0,0,48.6627
100.204,0,23.4507,1.51199,0,0,613.609,339.637,0.452,1.19378,15,0,0,1.90638,75.7279,111.956,0,0,131.166,35.3972,117.022,0,0,166.039,0,0.71329,48.9914
63.334,0,530.457,0,2.02067,1.83722,519.75,0,0,1.39755,14,0,0,1.27764,0,1.11069,1.41258,0,96.313,3.14576,10.2638,0,0,128.358,0,0,49.257
114.54,0,765.193,0,0,0,531.014,0,0,0,13,0,0,7.4874,0,0,0,0,83.465,0.614781,0.184606,0,0,129.376,0,1.35885,49.4177
47.7989,0,718.436,0,1.08374,0,386.611,0,0,0,10,0,0,3.83732,0,0.918371,0,0,90.873,1.47414,22.1032,0,0,70.967,0,0,49.4813
121.948,0,1400.47,0,4.82531,0,548.548,0,0,4.64899,13,0,0,0.730455,0,0,0,0,69.175,16.0594,34.2702,0,0,51.682,0,0,49.5065
120.444,0,372.952,0,1.02314,0,617.335,0,0,2.71047,14,0,0,8.45635,0,3.35224,0,0,63.337,5.00754,7.37392,0,0,207.24,0,0,49.5544
88.0305,0,239.863,0,0,0,340.015,0,0,0,10,0,0.727236,0.57261,0,0,0,0,70.233,1.68623,9.50966,0,0,138.111,0,0,49.6108
104.532,0,716.779,0,0.573355,0,511.298,0,0,2.26269,14,0,0,4.90883,0,3.90311,0,0,72.589,2.58948,9.68763,0,0,101.294,0,0,49.9018
88.8293,0,477.178,0,0,0.536077,543.907,0,0,0,12,0,0.681471,0.841266,0,0,0,0,71.028,1.1855,11.3941,0,0,134.433,0,0.044818,50.2041
106.881,0,150.989,0,0,0,302.276,234.837,0,4.92018,15,0,0,1.7165,7.25721,7.22563,0,0,24.989,2.11359,11.9561,0,0.56055,287.91,0,0,50.734
96.7554,0,767.259,0,1.5986,0,633.675,0,0,4.50213,14,0,0,0.047609,0,0,0,0,122.217,3.76556,11.6051,0,0,98.51,0,0,51.1209
125.02,0,263.304,0,3.20747,0,0,0,0,1.28054,13,0,0,4.85372,0,0,0,0,0,0,6.3072,0,0,0,0,0,51.3034
98.109,0,714.47,0.733956,0.05333,0.272281,574.04,0,0,5.19052,16,0,0,4.61314,0,0,0,0,95.089,3.03154,18.8772,0,0,145.769,0,1.15274,51.3646
118.611,0,134.544,0,0,0.853944,0,0,0.823088,4.693,14,0,0,4.73484,0,0,0,0.651185,0,0,6.73252,0,0,0,0,3.9221,51.3901
86.1685,0,1096.1,0.860617,0,2.64792,500.116,0,0,1.27565,14,0,0,1.11605,0.006785,1.46399,0,0,108.226,14.6941,27.3674,15.5093,6.49901,84.456,0,0,51.4249
96.7238,0,496.249,0.58654,0.919387,0.225401,481.682,0,0,1.52451,12,0,0,0,0,0,0,0,73.209,7.17517,19.744,0,0,126.364,0,0,51.5846
98.5788,0,347.368,0,0.273657,0,604.828,0,0,0.038437,12,0,0,9.05998,0,0,0,1.68674,32.133,0.723635,2.77222,0,0,181.374,0,0,51.6062
143.374,0,428.475,0,0,0,0,0,0,2.19226,13,0,0,9.81117,0,0,0,0,0,0,7.67085,0,0,0,0,0.772534,51.6474
99.0979,0,265.853,1.88074,0,0,616.219,0,0,1.02032,13,0,0,1.27974,0,0,0,0,47.444,4.03189,3.66441,0,0.440839,196.174,0,0,51.7632
131.191,0,3190.45,0.096333,8.54578,0,550.147,0.604711,0,2.28757,15,0,0,4.83624,0,0,0,0,94.464,26.3386,67.7456,1.72522,0,56.389,0,0,52.3669
123.323,0,1475,0,2.38337,0,638.474,0.161597,0,2.63896,18,0,0,3.23853,0,0,0,0,83.959,12.2691,59.2484,0,0,132.384,0,0.834278,52.5929
134.735,0,1125.09,0,0,0.715623,593.687,0,0,3.32584,15,0,0.09494,0,0,0,0,0,111.896,8.61842,8.24375,0,0,156.832,0,0,52.6041
107.112,0,283.273,0,0,0.158849,349.454,0,0,3.47651,10,0,0,3.98488,0,0,0,0.191722,65.239,0.328192,15.8701,0,0,139.236,0,0,52.7513
96.0821,0,448.478,0,0,0,539.852,0,0,0,14,0,0,0,0,0,0,0,96.642,0.609988,12.477,0,0,224.508,0,0,52.8621
83.247,0,653.831,0,0,0,710.995,0,0,0,14,0,0,4.5123,0,0,0,0.262308,100.981,8.90417,3.00155,0,0,147.708,0,0.36427,52.9468
41.5132,0,685.952,0,0.009266,0,403.512,0,0,0,12,0,0,0,0,0,0,0,35.078,3.97795,9.34396,0,0,221.609,0,0,53.2322
84.7092,0,2397.97,0,4.42175,0.238793,648.21,1.50846,0.262407,2.57278,15,0,0,2.18893,0,0,0,0,89.436,24.5013,32.8258,0,0,59.319,0,0.452814,53.3735
109.643,0,1320.34,0.923021,1.77549,0.367645,547.79,0,0,0.023599,14,0,0,3.78678,0,0,0,0,126.869,8.85098,19.9977,0,0,93.178,0,0.258408,53.477
57.7664,0,572.276,0,1.89508,0.31786,484.356,0,0,0,11,0,0.391751,13.441,0,0,0,0,330.995,8.89476,21.824,2.07934,2.4633,94.623,0,2.45936,53.7949
88.1552,0,306.791,0,0,0,385.817,0,0,2.97481,11,0,1.72038,0.205781,0,0,0,0,40.256,0.430948,0.533396,0,0,158.654,0,0,53.8027
81.6041,0,612.193,0.566843,0.4365,0,435.322,0,0,1.10297,10,0,0,0.309009,0,0.443022,0,0,145.54,10.0461,6.70449,0,0,101.211,0,0.526751,53.9043
114.072,0,534.708,0.216761,0,0,576.231,0,0,2.39302,14,0.100066,0,3.75591,0,0,0,0,37.504,8.85452,10.5871,0,0,168.55,0,0,54.202
106.621,0,138.637,0,0,0,0,0,0,0.487291,10,0,0,2.04926,0.302009,1.76066,0,0,0,0.424285,2.68077,0,0,0,0,0,54.2705
96.0329,0,1489.14,0.612775,2.94033,0.722943,695.484,0,0.038508,1130.85,17,0,0,6.14496,492.606,1053.06,0,0,79.606,1.05352,50.8858,1078.78,818.906,76.828,0,0,54.2781
72.7973,0,3519.86,0,1.44013,0.279134,446.98,0,0,17.1628,14,0,0,8.464,0.69084,0,0,0,85.674,19.7843,84.4488,0,0,57.586,0,0.459979,54.569
138.058,0,569.154,0,0.665962,0,507.875,0,0,2.62725,13,0.820215,0,1.06665,0,0,0,0,36.963,7.75937,10.8662,0,0,171.049,0,3.7153,54.6843
94.3193,0,183.372,0,0.832627,0,0,0,0,0.10154,13,0,0,0,0,0,0,1.48438,0,2.88944,5.64507,0,0,0,0,0.394243,54.8281
109.095,0,329.711,0,3.31745,0,0,0,0,0,12,0,0,5.51225,0,0,0,0,0,1.53093,2.00208,0,0,0,0,0,54.864
73.2561,0,134.783,0,1.24287,0,0,0,0,0,10,0,0,0,0,0,0,0,0,1.27559,5.60008,0,0,0,0,0.006308,55.8036
117.71,0,1152.2,3.63377,2.05601,0.318871,539.137,0.492394,0,0.114139,15,0,0,4.82403,0,0,0,0.462904,103.483,6.50434,37.5432,0,0.106711,154.094,0,5.22187,56.2779
98.0689,0,1762.65,0,1.12279,0.140124,641.65,0,0,0.726492,15,0.118593,0,3.37135,0,0,0,0,112.354,7.82733,41.349,0,0,58.022,0,0.186701,56.3976
83.5039,0,650.978,0,0,0,464.426,0,0,0.095741,11,0,0,0,0,0,0,0,189.733,4.48761,15.2526,0,0,115.411,0,1.41909,56.7092
150.258,0,786.254,0,0.24475,0,658.539,0,0,0.715875,15,0,0.011233,6.12353,0,0,0,0,84.315,4.72705,18.5576,0,0,161.368,0,1.6852,57.4813
118.85,0,156.984,2.2155,4.58327,0,518.15,0,0,0,14,0,0,14.6333,610.134,1161.97,0,0,101.775,10.1005,35.5325,20.9959,5.88974,68.029,0,1.60806,57.7431
47.7915,0,341.125,0.423311,0,0.05096,416.872,0,0,0,10,0,3.23498,1.82829,0,0,0,0,346.657,1.02798,1.08463,0,0,162.842,0,2.90285,58.0307
59.2062,0,330.696,0,0,0,0,0,0,0,11,0,0,1.78182,0,0,0,0,0,3.58029,5.26399,0,2.96001,0,0,0,58.175
95.7012,0,595.563,0,0,0,638.325,0,0,0,14,0,0,5.57973,0.170211,0,0,0,86.658,7.70313,21.6882,0,0,129.498,0,0,58.8507
123.745,0,559.623,0,0,0,540.861,0,0,2.50433,13,0,1.92664,5.38864,0,0,0,0,70.648,3.20787,19.8416,0,0,158.806,0,0,59.2254
71.5038,0,1067.55,0,0,0,405.446,0,0,1.56086,11,0,0,2.97896,0,0,0,0,94.637,8.5889,21.4366,0,0,81.793,0,0,59.3429
111.209,0,1496.49,0,9.26515,0,508.974,0,0,0,15,0,0.758825,3.68507,0,0,0,0,99.238,4.98695,19.796,0,0,93.013,0,0,59.3731
126.335,0,535.38,0,2.67754,0.499567,520.713,0,0,3.25272,13,0,0,2.66471,0,0,0,0,76.897,5.45282,14.2432,0,0,92.247,0,0.663618,60.2679
168.212,0,11.6888,0,3671.01,461.087,1117.59,0,2840.93,3510.45,30,10.8306,3419.61,1.63337,0.988299,0.937424,3312.96,50.4998,77.474,0,0,0,0,60.919,0,0,60.3015
109.21,0,244.407,0,0,0.779971,701.809,0,0,2.34317,14,0,0,0.390349,0,0.016508,0,0,35.663,0.035165,4.32187,0,0,182.887,0,0,60.4506
118.047,0,575.906,0,0.940655,0.930948,0,0,0,0,18,0,0,6.7194,0,0,0,0,0,3.15088,7.27854,0,0,0,0,1.18885,60.544
112.255,0,402.146,0,4.86842,0,586.183,0,0,0,14,0,0,0,0,0,0,0,32.611,3.24012,15.4683,0,0,187.947,0,0,60.7177
124.471,0,338.841,0,0,0,0,0,0,0.170993,13,0,0,4.01945,0,0,0,0,0,3.28553,6.10047,0,0,0,0,0,61.0211
66.3915,0,237.755,0,0.060485,1.78519,466.003,0,0,0.038424,12,0,0,7.99185,0,0,0,0,63.04,8.4308,16.2709,0,0,181.86,0,0,61.2237
101.289,0,758.039,0,1.25043,0,534.902,0,0,0,14,0,0,4.07676,0.155259,0,0,0,113.969,0.266622,11.8594,0,0,114.801,0,2.48727,61.3588
121.54,0,714.731,0,1.06927,0,604.05,0,0,0,13,0,0,2.71538,0,0,0,0,74.872,11.267,31.8608,0,0,112.366,0,0.968898,61.4765
98.4955,0,1552.57,0,0.892416,0,548.032,0,0,0.004278,13,0,1.50618,8.25237,0,0,0,0,101.071,8.14231,14.6253,0,0,79.208,0,1.43708,61.5375
133.882,0,560.916,0,0.061616,0,0,0,0,0,15,0,0.703987,1.09251,0,0,0,0,0,0.935859,11.0723,0,0,0,0,2.49541,61.6346
91.0944,0,595.304,0,0,0.014961,689.104,0,0,0.71852,15,0,0,2.05575,0,0,0,0,172.001,1.78507,5.27241,0,0,205.956,0,0,62.2958
74.5844,0,605.175,2.20332,0,2.47624,502.169,0,0,2.68947,12,0,0.726374,0.163901,0,0,0,0,85.809,7.71691,23.3007,0,0,74.051,0,0.281833,62.3446
95.4931,0,1088.29,0,1.89568,1.1662,422.243,0,0,1.2872,13,0,0,1.14627,0,0,0,0,88.664,5.81548,5.71908,0,0,85.671,0,0.092213,62.5789
111.248,0,672.452,0,0.50812,0.802032,533.837,0.532928,0,0,14,0,0,7.09062,0,0,0,0,113.207,0.833245,8.31362,0,0,173.111,0,0,62.6302
112.844,0,313.303,0,0,0.721723,560.947,0,0,1.48521,13,0,0,3.05112,0,0,0,0,60.604,5.57381,18.1819,0,0,167.668,0,0.877853,62.9408
86.1422,0,2500.35,0.340501,2.15275,0,542.88,0,0,0.885832,15,0,0,3.56093,0,0,0,0,85.774,11.3836,51.5964,0,0,52.098,0,0,62.9867
133.897,0,355.001,0,0,0,508.574,0,0,3.73981,14,0,0,6.66548,0,0,0.423531,0,62.746,1.16835,8.25029,0,0,269.551,0,0,63.0099
123.764,0,5.10206,0.468005,0,0,819.695,52.2906,0,3.79825,15,0,0,1.75506,13.4231,8.41576,0,0,123.872,131.098,342.711,0,0,277.626,0,0,63.2895
117.829,0,1086.82,0,3.93155,0,494.812,0,0,2.42806,14,0,0,5.10133,0,0,0,0,95.071,2.72202,24.489,0,0,101.848,0,0,63.3768
103.785,0,697.85,0,0,0.417117,579.911,0,0,0.152525,13,0,1.29583,1.25294,1.48039,1.76391,0,0,94.462,7.06009,13.9836,0,0,95.268,0,0,63.4397
126.712,0,194.962,0,0,0,0,0,0,0,13,0,0.008476,0.266319,0,0,0,0,0,2.39752,2.8405,0,0,0,0,0.208012,63.5665
128.411,0,86.2299,0,0,0,0,117.079,0,0,15,0,2.4827,6.13863,6.23438,15.2788,0,0,0,23.1146,37.7016,0,0,0,0,0,63.5907
114.317,0,790.211,0.549998,0.302641,0,523.686,0,0,0,14,0,0,7.02565,0,0,0,0,93.904,3.47937,21.7882,0,0,142.607,2.34054,0,63.6288
116.172,0,0.138259,0,0,0,623.371,0,0,0,15,0,0,5.56923,262.183,477.307,0,0,103.175,0,0,15.133,2.66891,165.824,0.989263,0,63.9418
104.02,0,623.061,0,0,0,553.736,0.164996,0,0,13,0.110884,0,0.358969,0,0,0,0,117.521,1.86695,22.1642,0,0,142.863,0,0,64.0513
79.5377,0,220.7,0,0.904817,0,0,0,0,1.02813,10,0,0,1.64407,0,0,0,0,0,3.65798,5.74014,0,0,0,0,0,64.3665
60.4007,0,1263.84,1.08275,2.95609,0,468.583,0,1.12219,0.975956,11,0,0,3.62929,0,0,0,0,104.867,7.98978,31.4118,0,0,51.765,0,1.29199,64.396
97.0598,0,556.365,0,1.19112,0,364.082,0,0,0,10,0,0,2.06752,0,0,0,0,86.413,4.30593,14.9059,0,0,125.654,0,0.893891,64.4679
77.8347,0,446.08,0,0,0,468.446,0,0,0.750359,10,0,0,2.83405,0,0,0.826028,0,131.568,0.225348,3.95616,0,3.31341,140.03,0,0,64.627
99.2876,0,621.575,0,0,0,633.805,0,0,2.10583,13,0,0.328651,1.29941,0,0,0,0,87.371,3.34437,21.7074,0,0,170.696,0,0.819807,64.7062
119.922,0.669385,1623.88,0,0.593142,0,751.11,0,0,0.680593,16,0,0,0.932229,0,0,0,0,114.241,12.0042,19.8004,0,0,105.438,0,0,65.1313
158.141,0,2914.07,0,3.45994,1.20187,986.135,0,1.89725,7.61178,20,0,0,13.9686,0,0,0,0,96.666,8.50119,47.1133,0,0,103.179,0,2.84186,65.3061
85.5537,0,647.717,0.163198,1.28365,0,692.95,0,0,0,15,0,0,0.985325,0,0,2.37045,0,96.682,6.79065,17.7833,0,0,155.628,0,0,65.4253
121.381,0,6.83663,2.16979,0,0,940.146,13.5265,0,0,15,0,0,5.6061,0,5.34063,0,0,51.547,76.5626,163.615,1.74283,0,335.736,0,0,65.8008
84.5961,0,212.672,0,3.46634,0,0,0,1.51238,0,10,0,0,1.41742,0,0,0,0,0,0,2.90037,0,0,0,0,0,66.0088
84.0425,0,738.378,0.060282,1.18118,0,533.437,0,0,0.220695,13,0,0,0.491146,0,0,0,0.878501,66.815,4.12312,3.78685,0,0,119.086,0,2.48181,66.0714
77.932,0,172.491,0,1.55218,0,470.169,0,0,0,12,0,0,3.03282,0,1.99771,0,0,51.526,4.2664,6.45025,12.0886,6.49846,196.285,0,0.226815,66.5882
72.8425,0,787.117,0,0.309879,0,588.411,0,0,0.777246,13,0,0,11.8703,0,0,0,0,104.829,0.401223,0.2018,0,0,114.351,0,0,67.8568
106.942,0,895.919,2.49218,0,0.34704,687.508,0,0,0.52045,14,0,0,1.19343,0,0,0,0,123.69,4.59409,19.8617,0,0,166.402,0,0,68.1405
63.0904,0,550.55,0,2.6181,0.808734,482.309,0,0,2.04903,11,0,0,0,0,0,0,0,241.331,4.31189,19.1526,0,0,76.178,0,0,68.3151
55.3722,0,5.37937,0,0,0,0,8.09084,0.2399,0.607712,10,0,0,0,0.088491,0.150782,0,0,0,58.8159,105.948,0,0,0,0,0,68.3643
109.149,0,161.494,0,0,0,0,0,0,3.54977,14,0,0,0,0.787011,0,0,0,0,2.31407,2.80913,0,0,0,0,0.795902,68.3767
100.649,0,8.91626,3.61597,5.23963,0.732663,635.375,0,0,0,15,0,1.81121,4.3414,2.29493,17.9108,0,0,43.31,143.469,384.317,0,0,266.378,0,0,68.4185
52.1105,0,539.364,0,1.11142,0.490206,0,0,0.590546,0,10,0,0,9.15998,0,0,0,0,0,0.557852,5.96681,0,0,0,0,0,68.5836
50.3602,0,509.165,0.257368,0,0,379.718,0,0,12.3401,10,0,0,1.34017,1.40942,1.62428,0,0,80.395,2.09275,3.74611,0,0,113.496,0,0.465055,68.6437
114.059,0,999.574,0,0.33517,0,606.455,0,0,1.75935,16,0,0,2.08508,0,0,0,0.640582,122.556,2.45499,28.1477,0,0,111.512,0,1.46672,68.9941
161.101,0,248.345,0,0,0,0,0,0,1.87406,13,0,0,3.60818,0,0,0,0,0,0,1.40242,0,0,0,0,0,69.0836
111.384,0,21.7974,1.7751,0,0,732.65,105.42,0,3.29113,18,0,0,8.76583,9.75944,29.2098,0,0,115.419,414.282,1008.82,0,0,110.496,1.95517,1.33145,69.1975
74.8507,0,374.532,0,3.62274,0,687.9,0,0,9.97542,14,0,0,2.18051,0,1.92511,0.828848,0,32.498,3.26223,10.9436,0,0,168.921,0,0,69.3115
117.993,0,666.565,0.134212,1.54374,0,582.968,0.324152,0,1.12012,15,0,0,5.96627,0,0,0,0,130.782,8.52171,13.6365,0,0,173.213,0,0,69.6878
87.6383,0,417.177,0,2.06483,0,0,0,0,0,11,0,0.885017,1.0432,0,0,0,0,0,0.844145,3.22689,0,0,0,0,3.20552,69.8195
63.7118,0,326.892,0,0,0.8641,0,0,0,0.421906,10,0,0,0.548561,0,0,0,0,0,0.41738,6.33174,0,0,0,0,0,70.2881
189.778,0,1007.41,0,0,3.99358,691.806,0,0.656722,0.792383,19,0,0,10.7494,0,0,0,0,78.7,0.924279,8.3499,0,0,272.88,0,1.7829,70.6778
106.556,0,605.089,0,0.937647,0,666.054,0,0,0.809514,14,0,0.488865,3.19384,0,0,0.442147,0,116.646,2.21702,5.76518,0,0,199.12,0,0.595335,70.8664
156.952,0,2252.73,0,0.072186,0,869.736,0,0,2.40746,18,0,1.36804,14.3957,0,0,0.663587,0,84.979,3.15865,45.6939,0,0,79.81,0,0.641305,71.1515
126.192,0,856.196,0,0.894399,1.25812,615.693,0,0.482474,1.13288,15,0,0.019059,4.38129,0,0.62723,0,0,119.303,1.52603,11.9811,0,0,182.935,0,0,71.1561
102.616,0,1232.26,0,0.393694,0,684.416,0,0,2.60654,14,0,0,11.6655,0,1.64498,0,0,76.924,9.57032,27.925,0,0,94.015,0,0,71.163
147.724,0,1043.1,0,3.70617,0,693.733,0,0,3.16783,19,0,0,7.39573,0,0,0,0,89.828,4.37407,12.9718,0,0,154.307,0,1.82033,71.358
59.1761,0,710.493,0,0,0,441.25,0,0,0,10,0,0,0.535223,0,0,1.35045,0,101.704,2.31251,20.8738,0,0,99.912,0,1.74446,71.4178
104.737,0,498.768,0,0,0,485.629,0,0.705902,1.55092,15,0,0,3.13051,0,0,0,0,94.215,1.18351,10.3199,0,0,221.079,0,0.952833,71.8362
120.817,0,485.996,0,0,0.574889,551.954,0,0,0.659297,13,0,0,1.95674,0,0,0,0,64.319,2.80314,8.70484,0,0,113.717,0,0,71.8921
109.107,0,215.37,0,0,0,641.376,0,0,0,13,0,0,1.55262,0,0,0,0,32.618,0.131013,7.57908,0,0,228.764,0,0,72.0835
80.5217,0,267.911,0,0,0,288.616,0,0,0,10,0,0,5.43864,0,0,0,0,43.883,0,2.63299,0,0,164.578,0,1.94176,72.1828
115.146,0,205.192,0,1.0917,2.16242,0,0,0,12.5738,12,0,0,3.96811,0,0,0,0,0,3.53473,1.86478,0,0,0,0,0,72.2667
105.03,0,804.902,0,2.60468,0.033955,653.04,0,0,2.79671,14,0,0,5.3402,0,0,0,0,70.302,8.66307,7.56823,0,0,113.848,0,0.704005,72.4675
87.0475,0,382.128,0,0,0,800.559,7.976,0,0.09826,16,0,0,3.14919,0,0.450035,0,0,35.696,2.91458,26.2594,0,0.557735,279.786,0,0,72.5859
146.522,0,306.383,0,0.560151,0,582.076,0,0.134847,3.2017,13,0,0.602686,11.7638,0,0,0,0,54.857,2.34511,4.0129,0,0,194.47,0,6.46529,72.8346
132.439,0,399.367,0,0.549255,1.21,0,0,0.105337,0.653646,15,0,0,10.311,0,0,0,0,0,0,13.9634,0,0,0,0,0,73.3317
105.037,0,633.212,0,4.26407,2.08105,685.217,0,0,8.91427,15,0,0,7.55026,1.25106,0,0,0.249701,90.117,6.92485,34.0964,0,0,148.982,0,0,73.65
70.4348,0,342.415,0,2.83798,0.595242,0,0,0,2.22835,10,0,0,1.17676,0,0,0,0,0,5.02429,5.86232,0,0,0,0,1.50061,74.2218
128.464,0,1542.39,0,2.0805,0,812.912,0,0,5.03856,19,0,0,10.3981,0,0,0,0,121.905,8.19608,11.9784,0,0,132.762,0,3.48993,74.3114
103.73,0,800.107,0,4.19121,0,567.924,0,0,0,14,0,0,6.77286,0,0,0,0,94.606,15.7198,22.8938,0,0,122.273,0,0,74.4563
42.7206,0,668.137,0,2.62409,2.09697,380.772,0,0,0,10,0,0,2.85344,0,0,0,0,167.24,0.221922,13.0596,0,0,109.777,0,0,74.5189
101.666,0,900.705,0,0.790252,0,561.015,0,0,0,13,0,0,12.1424,0,0,0,0,88.895,4.88194,31.2909,0,0,99.07,0,0,74.5783
96.9058,0,179.992,0,2.62577,0,501.2,0,0,0,13,0,0.481735,5.55552,0,0,0,0,40.236,4.98849,4.98491,0,0,243.288,0,0,74.612
112.244,0,903.835,0,0.788175,0,719.822,0,0,0,18,0,0,8.86972,0,0,0,0,104.219,3.13984,11.5636,0,0,156.891,0,0.000359,74.6704
158.038,0,1202.18,0,2.67872,0.569135,699.768,0,0,0.302368,18,0,0.889018,5.32701,0,0,0.321553,0,83.432,1.72396,13.9385,0,0,136.502,0,0,74.8311
149.534,0,1312.94,0.645654,7.50624,0,781.39,0,0,0,18,0,0,9.09865,0,0,0,0,109.341,6.16426,17.6025,0,0,128.117,0,1.85403,74.9097
105.475,0,885.122,0,3.43757,0,457.716,0,0.386516,3.83963,15,0,0.900018,2.25565,0,0,0,0,87.51,3.06697,20.4808,0,0,89.778,0,0,74.971
75.4358,0,719.143,0,1.5139,0,523.111,0,0,0.774233,12,0,0,1.41224,0,0,0,0,105.623,2.44527,12.4586,0,0,117.894,0,2.01158,75.2208
146.199,0,3917.57,0.778605,3.07141,0.555489,894.712,0,0,0.535511,20,0,0,5.55912,0,0.504132,0,0,95.012,14.2413,38.4079,0,0,102.204,0,0,75.6655
163.364,0,2553.29,0,9.76886,0,979.343,0.105852,0,0.035571,21,0,2.8223,1.17994,0,0.239136,0,2.75984,103.107,17.8762,47.6729,0,0,81.124,0,0,76.1264
123.723,0,1512.01,0.129242,8.88014,0,525.401,0,0,0.217257,14,0,0,5.46353,0,0,0,0,88.646,2.42274,23.5392,0,0,97.655,0,0,76.1819
115.418,0,1121.04,0,0,0.921025,577.644,0,0,0.531681,14,0,0,4.31655,0,0,0,0,88.753,2.22027,6.45266,0,0,101.293,0,0,76.236
143.617,0,483.586,0,1.47462,0,689.794,0,0,1.25013,15,0,0,1.47151,1.03673,0,0,0,48.161,5.66189,9.04975,0,0,190.297,0,0.893734,76.2543
88.3151,0,543.273,3.85561,0.752433,0.023155,507.211,0,0,0.318956,13,0,0,0,0,0,0,0.367563,81.002,5.87481,8.44207,0,0,178.072,0,0,76.2564
78.9024,0,701.992,0,0.268107,0.96222,466.253,0,0,0,11,0,0,0.361063,0,0,0,2.54682,167.925,15.0665,15.6259,0,0,128.591,0,0,76.7421
96.9174,0,290.879,0,1.27501,0.251388,311.615,0,0,0,11,0,0,4.52551,0,0,0,0,34.523,1.66204,3.81916,0,0,206.395,0,0,77.6883
134.303,0,250.995,0,0.747799,0,591.407,0,0,0.375623,13,0,0,8.73368,0,0.708594,0,0,29.36,1.2484,1.57529,0,0,247.428,0,0,78.0707
61.7108,0,299.957,0,1.52726,0,0,0,0,0.963831,10,0,0,4.52455,0,0,0,0,0,0,8.8404,0,0,0,0,0,78.1098
75.2298,0,532.304,0,2.0519,0.366007,423.722,0,0,6.57076,10,0,0.94589,1.83274,0,0,0,0,270.396,5.55478,19.0642,0,0,119.721,0,0,78.4088
113.437,0,800.632,0,0.514128,0,738.404,0,0.744815,1.60448,14,0,0.854588,3.93512,0,0,0,0,79.098,3.9454,20.989,0,0,104.784,0,1.2683,78.4389
158.721,0,773.884,0,0.29694,0,926.541,0,1.25341,4.28562,19,0,0,5.80043,0,0,0,0,74.962,1.56786,15.8259,0,0,214.855,0,0.93493,78.5002
68.4288,0,7.03052,0,0,0.494141,0,86.8095,0,0,10,0,0,4.61465,3.94134,11.2371,1.01301,0,0,5.03153,19.3511,0,0,0,0,0.419579,78.7282
84.0626,0,1538.85,0.673213,0.79554,0,510.713,0,0,2.42114,14,0,0,1.43742,0,0,0,0,103.87,16.7593,29.4587,0,0,86.12,1.9808,0,78.7842
87.6869,0,602.486,0,0,0,537.131,0,0,0,11,0,0,1.08563,0,0,0,0,165.191,4.51913,7.0253,0,0,98.267,0,1.80382,79.1046
97.7584,0,484.262,0,0,0,419.302,1.62106,0,2.59179,11,0.772757,0,0,1.02544,3.39813,0,0,67.316,4.87132,18.9633,0,0,162.242,0,1.31997,79.1836
100.66,0,822.348,0,0,2.52171,539.704,0,7.06067,60.9396,14,0,0.831182,1.55792,0.131804,1.86532,0,0,75.352,14.6142,13.4554,0,0,75.9,0,0,79.1866
114.425,0,638.176,1.83319,0.772704,0,493.384,0,3.39435,4.15398,13,0,0.626398,9.34,0,1.26891,0,0.143894,67.404,8.81727,21.5311,0,0,104.62,0,0,79.2211
90.7414,0,909.266,0,1.44384,2.20372,451.223,0,0,15.3491,12,0,2.89687,2.91524,4.308,5.61716,0,0,100.082,1.67123,12.5452,116.889,96.749,92.549,0,0,79.3384
66.9387,0,566.931,0,0.65216,0,350.716,0.369754,0,0,10,0,0.591405,2.74976,0,0,0,0,126.478,4.19063,0.950091,0,0,94.611,0,0,79.5204
141.95,0,635.961,0.03836,0.589907,0.889088,902.255,0.588191,0,0,18,0,0.247499,12.5793,0,0,0.523943,0,103.905,1.74352,8.51327,0,0,234.56,0,1.40476,79.7076
98.6648,0,1167.8,0,3.06829,0.242627,513.311,0,0,4.35459,14,0,0,5.89808,0,0,0,0,102.442,1.94671,19.5699,0,0,108.059,0,1.46911,80.2935
85.3034,0,770.993,0,0.609801,0,492.54,0,0,8.20657,15,0,0,0.353379,0,0,0,0,104.37,5.82564,5.13425,0.79428,0,118,0,0,80.5233
116.704,0,110.932,0,0,0,0,0,0,110.567,13,1.46846,3.29263,9.35408,16.9282,18.1334,0,0,0,0.293193,1.71552,24.0752,9.63283,0,0,0,80.5551
104.365,0,864.223,0.463562,3.26858,0,589.488,0,0,0.744252,13,0,0,0,0,0,0.508048,0,83.924,18.7788,18.3335,0,0,104.642,0,0.341529,80.7894
63.4431,0,315.494,0,1.66092,0,301.775,0,0,1.84106,11,0,0,0.936211,0,0,0,0,37.473,2.79687,16.4406,0,0,217.922,0,0,80.8272
132.055,0,729.322,0,2.96254,0,544.215,0,0,0,13,0,0.901666,5.17833,0,0,0,0,73.819,2.38033,18.5514,0,0,126.035,0,1.89095,80.9101
48.1522,0,262.574,0,0,0,343.584,0,0,0,10,0,0,9.46141,0,0,0,0,75.11,0.238208,0,0,0,135.603,0,0.795997,80.9165
137.363,0,632.835,0,0.727153,0,525.241,0,0,0.06031,14,0,0,2.00888,0,0,0,0,55.419,5.71685,12.7497,0,0,179.453,0,0.269096,82.599
103.879,0,529.108,0,0,0,471.941,0,0,0.313227,13,0,0,4.62003,0,0,0,0,73.075,3.36942,11.155,0,0,127.635,0,0,82.7264
97.5461,0,683.946,0,2.51142,1.39428,0,0,0,2.09281,15,0,0,0,0,1.83925,0,0,0,2.30565,12.463,0,0,0,0,0,82.7671
138.071,0,1601.6,1.4944,10.9486,5.37999,709.789,0,4.12945,8.38028,18,1.31204,0,4.25767,0,0.424844,0,0,80.931,10.203,36.8247,0,0,80.816,0,0,82.9609
90.3397,0,6030.08,0,6.53042,0,543.231,0,0,1.8494,15,0,0,8.61674,0,0.856873,0,0.212488,93.298,25.1085,131.963,0,0,56.246,0,0,82.9769
81.5835,0,2.44854,0,0,0,617.616,64.0848,0,0,14,3.03487,0.576239,7.09046,30.5786,56.0277,0,0,37.656,30.1615,67.8766,0,2.84957,281.818,0,0,83.0515
95.4165,0,1174.57,0,5.14899,0.656362,547.693,0,0,0,15,0,0,3.14857,0.775476,0,0.299936,0,108.813,10.6438,13.1083,0,0,145.02,0,0.067427,83.155
101.652,0,703.278,0,0,0,484.751,0,0,0.801851,14,0,0.120863,1.27573,0.017387,0.405468,0,0,94.065,3.08476,11.5027,1.62278,0,116.626,0,0,83.1835
128.045,0,246.252,0,0,0,0,0,0,0.232845,14,0,0,1.07428,10.0696,16.9319,0,0,0,0,1.45716,0,0,0,0,0,83.5492
99.9141,0,982.973,0,0.676412,0,825.45,0,0,1.02352,15,0,2.33291,1.89961,0,0,0,0,103.297,4.49128,7.41366,0,0,83.047,0,0.829231,83.792
130.766,0,438.336,0,0,0.84013,553.903,0,0,0,15,0,0,3.74276,0,0,0,0,42.038,4.23765,6.29997,0,0,256.93,0,0,83.8134
84.4402,0,1009.96,2.41882,0,0.147603,538.144,0,0,0.965874,13,0,0,5.94542,0,0,0,0,95.373,5.09274,11.7146,0,0,100.79,0,6.26415,83.8178
87.4713,0,595.79,2.8957,0,1.78084,661.698,0,0,8.17601,13,0,0.435632,9.69341,0.961537,0.165319,0,0,109.535,9.16128,8.82332,0,0,143.485,0,2.00393,84.1931
106,0,626.631,0,1.16167,0.750693,464.514,0,0,2.20723,13,0,0.021372,7.48262,0,0,0,0,96.375,0,8.56588,0,0,140.392,0,1.33728,84.496
53.1307,0,1015.79,0,2.17527,0,559.917,0,0,0.553359,13,0,0,5.39321,0,0,0,0,117.818,5.64931,28.398,0,0,88.989,0,0,84.7918
118.819,0,961.999,0,0,0,572.356,0,0,0.109484,13,0,0,0.183836,0,0,0,0,80.934,3.054,19.2034,0,0,70.599,0,0,84.9418
110.426,0,516.866,0,0,0.779013,588.304,0,0,0,13,0.741487,0,2.42,0,0.395238,0,0,74.713,10.8758,18.0397,0,0.730365,145.085,0,0,85.5729
84.2458,0,323.163,0,0,0,580.759,0,0,2.34403,13,0,0,7.90063,0,5.35349,0,0,70.493,2.73468,16.0148,18.1274,16.7143,190.999,0,0,85.6391
90.1195,0,1017.5,0,2.98041,0.3989,561.617,0,0,0.327628,12,0,0,0,0,0.934393,0,0,133.615,1.85114,19.8427,0,0,98.999,0,4.56258,85.6983
39.2652,0,409.844,0,1.82303,0,440.09,0,0,0,11,0,0,12.7956,0,0.454117,0,0,109.079,3.67498,4.0204,0,0,83.096,0,0,85.8375
71.7334,0,1005.72,0,0.193039,0,456.76,0,0,1.16368,12,0,0,11.4933,0,0,0,0.94714,103.729,10.7207,24.1661,0,0,93.244,0,0,86.2609
121.469,0,490.565,0.307521,0,0.175014,0,0,0,4.1677,14,0,0,0.736513,0,0,0,0,0,1.6978,18.2971,2.09916,0,0,0,0,86.3469
122.262,0,336.704,0,0,0.126243,504.923,0,0,2.2997,15,0,0,12.6963,0,0,0,0,81.798,0.832888,2.57565,0,0,271.171,0,0.720369,86.5125
66.345,0,367.588,0,0,0,440.769,0,0,0,11,0,0,9.27951,0.241742,0,0,0,89.522,1.46178,9.06858,0,0,137.826,0,0,86.8207
105.425,0,388.89,0,3.3374,0.782032,552.221,0,0,2.4642,13,0,0,4.97224,0,1.42071,0,0,61.019,8.62241,2.98889,0,0,132.923,0,0,87.0173
92.5941,0,231.52,0,0.664937,0,515.496,0,0,3.11387,13,0,0.267612,2.97556,0,0,0,1.62704,47.572,0,10.4378,0,0,238.834,0,1.14768,87.0449
97.4293,0,498.978,1.618,0,0,532.107,0,0,2.44618,13,0,0,0,0,0,0,0,83.919,8.45511,15.5184,0,0,114.441,0,1.58779,87.2212
110.525,0,267.5,0,0,3.20273,495.644,0,0,0,12,0,0,5.70533,0,1.71914,0,0,40.915,1.75848,1.87174,0,1.90403,142.459,0,0,88.0702
98.1791,0,1695.03,0,0.891586,0,677.592,0,0,1.98273,14,0,0,3.56862,0,0,0,0,103.649,9.0394,37.9631,0,0,74.105,0,0,88.2426
86.1243,0,677.949,0,0.098242,0,621.087,0,0,0.759972,13,0,0,2.36901,0,0,0.268231,0,88.635,5.16116,5.04844,0,0,112.791,0,1.68031,88.3182
111.199,0,16.7321,3.67849,2.04866,0,500.576,44.2941,0,1.83235,14,0,0,12.9627,17.8537,18.5146,0.103415,0,122.719,322.982,759.432,0,0,102.348,2.77573,0,88.4919
140.065,0,2.9876,0,3.20606,0,0,31.7419,0,1.80192,14,0,0,5.24595,2.84588,4.65477,0,0,0,107.819,225.225,0,0,0,0.107395,0,88.5046
133.712,0,652.112,1.12312,3.41634,0.368383,740.498,0,0,2.06695,18,0,0,5.3742,0,0,0,0,105.659,3.24181,7.10409,0,0,209.933,0,1.09784,88.5077
85.9709,0,640.669,0,2.28799,0,491.429,0,0,0,13,0,0.151084,7.92477,0,0,0,0,97.63,7.35987,17.8645,0,0,103.439,0,8.72685,88.974
58.659,0,980.766,0,2.37598,0.320476,455.225,0,0.292439,2.98351,13,0,0,0.882539,0,0,0,0,89.776,6.07995,19.467,0,0,71.601,0,0,89.1599
87.067,0,749.346,0.469653,0,0,481.719,0,0,1.74422,13,0,0,5.45952,0,0,0,0,82.242,6.27949,6.32047,0,0,92.051,0,0,89.3036
130.341,0,906.053,0,0,1.12893,669.643,0,0,5.7845,16,0,1.7551,5.78198,0,0.90696,0,0,132.294,1.86032,28.6182,0,0,188.457,0,0,89.4869
127.33,0,527.702,1.47416,0.498692,4.55794,764.579,0,0,1.1875,15,0,0,1.17806,0,0,0,0,95.151,0.236383,5.46473,0,0,193.795,0,0,90.0706
186.412,0,396.726,0,0.615488,0.451727,0,0,0,1.46015,18,0,0,5.58704,0,0,0,0,0,0.721537,10.1861,0,0,0,0,1.52142,90.1427
57.1716,0,1480.63,0.123296,4.15463,0,608.655,0,0,0.381816,14,0,0.85566,3.10449,0,0,0,0,112.81,4.14668,30.8245,0,0,81.287,0.037965,0,90.1919
120.746,0,535.355,0,0.056557,1.89731,794.174,0,0,4.7432,16,0,0,3.17473,0,0,0,0,109.88,8.79707,8.91357,0,0,230.686,0,0,90.2598
90.6748,0,289.056,0,4.58548,0.857994,403.484,0,0,0,12,0,0,0,0,0,0,0,61.791,4.64927,6.77567,0,0,210.581,0,0,90.7258
87.5676,0,646.711,0.248647,0.452737,0.959362,383.624,0,0,0,11,0,0,0,0,0,0,0,79.696,7.74815,9.96412,0,0,111.125,0,0,90.8022
142.52,0,373.535,0,2.21931,0,495.514,0,0.287713,0,14,0,0,1.25704,0,0,0,0,69.096,1.81972,6.18984,0,0,235.969,0,0.255177,91.3177
86.8386,0,824.637,0,0,0.508875,663.937,0,0,0,14,0,0,3.89378,0,0,0,0,116.408,0.352206,17.7397,0,0,125.518,0,0,91.6486
80.5823,0,295.856,1.66645,0.765437,0,447.02,0,0,0,12,0,0,0.498673,0,0,0,0,53.24,4.77884,5.92686,0,0,144.231,0,0,91.859
99.9235,0,140.669,0,0,1.48719,0,0,0,1.83763,10,0,0,0.489946,0,0,0,0,0,0,4.68463,0,0,0,0,0,91.9538
72.2601,0,969.644,0,0.162847,0,432.994,0,0,2.96088,12,0,0,0.574488,0,0,0.527359,0,93.866,6.8557,10.0647,0,0,92.6,0,0,92.1104
96.2462,0,442.688,0,0,0.150537,494.351,0,0,0,12,0,0,1.80787,0,0,0,0,78.593,1.92239,3.38131,0,0,126.053,0,1.91851,92.5142
91.8746,0,211.608,0,0.673789,0,591.419,0,0,0.828925,12,0,0,9.91553,0,0,0,0,45.492,2.30578,2.92549,8.47529,4.50236,175.942,0,0,92.6648
102.934,0,258.603,0,0.631487,0,0,0,0,0,10,0,0,0.288253,0,0,0,0,0,0.388198,6.85344,0,0,0,0,0,92.9765
165.49,0,1611.18,1.54209,3.41799,0,532.957,0,0,0.075526,14,0,0,0.154815,0,0,0,0,86.253,5.50994,26.2976,0,0,91.889,0,1.80192,93.6327
103.199,0,29.4104,0.764341,0,0,0,39.283,0,0.537287,13,0,0,8.32584,1.70273,3.6432,0,0,0,11.6823,38.7223,0,0,0,0,0.218038,93.6431
111.56,0,254.018,0,0,0,492.552,0,0,5.3435,13,0,0,6.70682,0,0,0,0,23.814,4.96414,1.24649,0,0,290.775,0,4.44044,93.7022
123.743,0,678.401,0,0.427385,0.563038,562.54,0,0.265033,0.615271,14,0,0,2.69944,0,0,0,0,97.491,8.42287,8.1648,0,0,164.407,0,0.620552,93.7273
114.926,0,325.901,0,0,0,600.435,0,0,0,13,0,0,0.614994,0,0,0,0,61.725,4.80945,12.0785,0,0,192.03,0,0,93.8908
106.128,0,30.0533,0,0,0,0,76.2307,0,0,13,0,0,2.50614,4.13835,11.1744,0,0,0,29.0278,81.1485,0,0,0,0,2.95493,93.9432
115.917,0,563.503,0,0,0,539.466,0,0,0,13,0,0,6.45992,0,0,0,0,129.995,0,9.30725,0,0,168.413,0,0.60674,94.0281
142.038,0,1.92463,0.322997,0.367208,0,0,123.138,0,0,15,0,6.06644,7.02796,22.624,52.9518,1.88542,0,0,18.4793,89.3795,0,0,0,0,0,94.2318
112.231,0,432.903,0,0,0,550.803,0,0,0,13,0.754348,0,7.99696,0,0,0,0,65.273,1.99147,12.5521,0,0,148.291,0,0,94.29
140.594,0,560.047,0,0,0,772.973,0,0,1.82792,17,0,0,15.9272,0.94487,0,0,0,90.47,14.3005,11.8991,0,0,216.496,0,5.63267,94.5002
93.3121,0,791.807,0,3.49254,0.420948,633.051,0,0,0.388053,15,2.77088,0,3.88885,0,0,0,0,56.483,6.13344,25.4642,0,0.951004,134.593,0,0,94.5484
85.908,0,955.421,0,0.530156,0.139868,486.914,0,0,2.25158,13,0,0,11.4648,0,0,0,0,85.734,2.39698,17.953,0,0,49.393,0,0,95.2708
86.9444,0,1169.9,0,3.33853,0,492.979,0,0,0.765641,13,0,0,2.24068,0.303674,2.62226,0,0,96.119,10.7351,35.9936,0.071989,0,47.451,0,1.68367,95.4989
157.798,0,2106.5,0,0.807904,0,699.288,0,0,2.06726,18,0,0,1.86751,0,0.741325,0,0,80.497,3.60668,42.9021,0,0,68.504,0,0,95.688
94.4396,0,341.698,0.277895,0,0.453653,524.855,0,0,0.217881,12,0,0.425122,1.50969,0,0,0,0,59.685,1.14313,2.15784,0,0,124.262,0,0,96.2379
139.412,0,1185.12,0.755586,6.33066,4.26326,570.434,0,0,0,14,0,0,6.68486,0,0,0,0.844492,93.31,13.1541,16.5611,0,0,95.041,0,0.53553,96.2725
56.0482,0,282.063,0,0,0,0,0,0,0.758929,10,0,0,4.6288,0,0,0,0,0,1.24293,4.28414,0,0,0,0,0,96.674
146.808,0,869.93,0,1.28856,0.86959,727.593,0,0,4.00369,18,0,0,7.05686,0,0,0,0,101.783,8.97342,31.7601,0.267405,0.087502,175.621,0,2.97167,97.0683
127.953,0,2630.14,0,3.21553,1.08281,582.295,0,0.031159,4.31815,16,0,0,9.23367,0,0.876661,0,0,101.921,22.7572,28.6999,0,0,60.006,0,0,97.2055
116.445,0,289.164,0,0.565189,0,502.863,0,0,1.31072,12,0,0,2.01085,0,0,0,0,51.363,2.97625,4.97253,0,0,127.21,0,1.26413,97.3565
80.1852,0,276.723,0,1.39075,0,408.903,0,0,1.00294,13,0,0,7.0834,0,0,0,0,92.775,4.17558,14.1627,0,0,257.623,0,0,97.6022
86.7159,0,531.445,0,0,0,695.061,0,0,3.72362,15,0,0,1.13626,0,0,0,0,153.956,5.31358,16.0091,0,0,204.217,0,0,97.6374
84.7911,0,334.639,0,0,0,297.551,0,0.458635,6.79696,10,0,0,12.0811,0,0,0,0,43.841,0,8.89982,0,0,141.952,0,0.458531,97.68
135.245,0,677.138,0,0.603555,0,810.772,0,0,2.84914,18,0,0,4.51042,0,0,0,0,100.771,2.5007,24.265,0,0,152.588,0,0,97.7218
82.8103,0,425.901,0,0,0,445.284,0,0,0,10,0,0,5.28006,0,0,0,0,230.062,1.78348,5.08622,0,0,136.888,0,0,97.9862
70.8728,0,420.231,2.91812,0.186889,0,496.689,0,0,1.39912,14,0,0,0.980095,0,0,0,0,93.953,0,6.78447,0,0,151.609,0,0,98.4481
98.0494,0,214.029,0,0,0,0,0,0,0,12,0,0,1.06762,0,0,0,0,0,1.76919,11.4786,0,0,0,0,5.7255,98.5993
96.1865,0,295.019,0,0,0,565.694,0,0,0.894934,13,0,0,3.45312,0,0,0,0,54.875,4.10194,13.8973,0,0,198.759,0,0,99.0768
109.191,0,368.247,0,1.26176,0,580.01,0,0,0,13,0,0,7.89395,0,0,0,0,65.054,1.20572,3.2781,0,0,232.356,0,0,99.085
90.8212,0,323.707,0,0,0,299.191,0,0,1.3767,10,0.586936,3.49812,0.180056,0,0.295509,0,0,46.069,4.48784,6.03621,0,0,211.005,0,0,99.1744
124.515,0,1723.28,0,1.1828,0.021639,757.048,0.461956,0,3.69156,19,0,0,7.56699,0,1.31189,1.6641,0,110.776,9.68448,18.3951,0,0,79.802,0,0,99.2415
50.9783,0,376.894,0,5.8319,2.16489,0,0,0,0,10,0,0,2.78514,0,0,0,0.219962,0,0.598502,2.06009,0,0,0,0,2.30455,99.2598
138.088,0,588.456,0,0,3.47926,745.797,0.290068,0.974917,3.35173,19,0,0,4.30372,0,0,0,3.45179,85.359,6.15172,8.5202,0,0,225.205,0,0.311633,99.364
68.0484,0,329.863,0,0,0,0,0,0,1.79664,10,0,0,6.57469,0,0,0,0,0,3.6921,7.81535,0,0,0,0,0,99.5519
64.0422,0,362.087,0,0.749711,1.70262,0,0,0,0,10,0,0,2.23813,0,0,0,1.87376,0,6.38916,7.65869,0,0,0,0,0,99.7108
108.45,0,1398.39,0,0.68491,0.813972,457.233,0,0,3.8281,13,0,0,5.42448,0,1.11561,0.387723,0,81.233,5.99042,27.3879,0,0,58.48,0,3.86059,99.7644
77.7077,0,7.88535,0.547078,3.44186,0,597.339,140.049,0,2.42618,14,0.042657,0,8.94475,32.8869,48.9307,0,0,51.623,35.5948,103.613,0.358645,0,168.373,0,0,99.792
74.6633,0,34.277,0,2.32988,1.94577,481.39,0,0,122.668,13,1.0074,1.35535,7.48604,147.03,307.342,0,0,81.133,4.88454,19.3049,22.7996,32.3721,144.114,0,0,100.224
77.3044,0,0,0,0,0,0,66.216,0,1.79308,10,0,0,7.12503,29.9375,26.5002,0,0,0,37.5775,108.873,0,0,0,0,0,100.249
103.64,0,873.901,0,3.01702,0,608.879,0,0,0.728432,14,0,0,2.14795,0,0,0,1.74528,98.892,0.075722,13.6956,0,0,158.075,0,0,101.088
103.874,0,602.404,1.75292,0.299411,0,0,0,0,1.72741,10,0,0,1.96896,0,0,0,0.980386,0,5.75457,10.5704,0,0,0,0,0,101.095
102.918,0,1302.11,0,2.10376,0.979827,620.943,0,0.924094,1.79734,13,0,0,1.15118,0,0,0,0,118.891,9.0154,20.9249,0,0,85.161,0,0.895745,101.45
115.779,0,1389.42,1.70804,3.84345,0,804.061,0.544793,0.615345,0.940991,19,0,0,2.64407,0,0,0,0,105.487,6.82374,25.8033,0,0,95.051,0,3.00652,101.649
98.2512,0,532.807,0,3.87853,0,509.826,0.033309,0,0,13,0,0,1.70974,0,0.564342,0,0,80.868,0,0,0,0,132.005,0,0,101.963
55.7813,0,928.02,0,0,0,419.016,0,0,1.10112,12,0,0,3.00516,0,0,0,0,113.423,3.76788,31.1052,0,0,90.919,0,0,102.384
127.293,0,500.509,0,2.62593,0.420679,500.212,0,0,5.14138,13,0,0,2.52587,0,0,0,0,84.814,1.10738,8.64313,0,0,178.75,0,1.5323,102.729
78.6922,0,95.7484,0,0,0,0,16.6473,0,7.41411,11,0,0,5.77314,0.549785,2.77884,0,0,0,6.4912,37.4137,0,0,0,0,0,103.002
109.545,0.759157,0.603457,14.1119,0.312069,0,841.769,0,0,4.99778,20,0,0,6.07347,0,4.86208,0,0,127.78,211.588,532.863,0,0,278.538,0,0,103.483
121.881,0,5.17486,0,1368.08,160.038,579.768,0,0,1.15193,14,13.3132,0,0.703616,0,0,0,0,117.522,0,1.33428,0,0,70.663,0,0,103.861
72.2466,0,753.821,0,0.787928,0,495.087,0,0,0,13,0,0.433438,1.28021,0,0,0,0,103.916,12.0418,21.9929,0,1.44525,118.8,0,0,103.983
98.2529,0,2909.95,0,7.22128,2.43364,705.925,0,0,1.10977,17,0,0,5.55043,0,0,0,0,101.472,26.7798,30.7862,0,0,45.312,0,1.53611,104.055
75.415,0,176.991,0,0,0,482.102,0,0,0.292482,12,0,0,3.5536,0,0,0,0,38.076,3.93213,1.02595,0,0,246.321,0,0,104.429
134.656,0,1099.44,0.485168,0.752977,0,641.89,0,0,0.213097,14,0.507688,0,5.91566,0,0,0,0,76.641,6.14971,31.8017,0,0,105.901,0,0,104.663
158.604,0,11.1297,2.42887,0,0,581.774,182.696,0,0.854038,13,9.46119,2.81776,5.37551,90.2579,113.473,0,2.12992,47.463,65.1212,193.501,0,1.89741,167.002,1.00282,0,104.712
120.445,0,2164.67,0,2.76291,0,814.376,0,0.64767,3.87623,18,0,0,2.90653,0,0,0,0,127.071,10.3781,36.437,0,0,99.798,0,0,105.031
116.305,0,213.816,0,0,0,600.717,0,0,0,13,0,0,3.64302,0.057014,0,0,0,29.288,1.00252,1.20637,0,0,232.862,0,0,105.049
121.022,0,228.716,0,0.965545,0,553.439,0,0,2.12265,13,0,0,4.31003,0,0,0,0,36.838,0,10.6239,0,0,248.273,0,0,105.455
82.1862,0,778.687,0,3.76554,0,557.977,0,2.72751,0,13,0,0,0,0,0,0,0,81.942,2.97815,10.5615,0,0,105.786,0,0.140713,105.478
70.1831,0,514.438,1.55739,0,0,0,0,0,0,10,0,0,2.13628,0,0,0,0,0,2.6359,3.39514,0,0,0,0,0,105.589
64.3442,0,0.204907,2.31369,4.1449,0,531.664,0,4.46343,112.646,12,0,0,3.60561,4.29313,6.62555,0,0,42.511,6.02401,6.44831,28.3272,15.6438,144.719,0,0,105.886
131.759,0,332.929,0,0,0.330809,626.784,0,0,0,14,0,0,0.918891,0.75374,0,0,0,49.196,1.01132,2.67016,0,0,231.344,0,0.877506,106.015
100.354,0,2442.52,0,0,0,640.775,0,0,2.37113,14,0,0.030465,0,0,0,0,0,104.615,20.1326,27.1762,0,0,37.717,0,1.56648,106.067
107.858,0,754.872,0,0.765718,0,685.853,0,0,3.43699,18,0.643525,0.443302,10.1666,0,0,0,0,88.901,9.28814,14.9335,0,0.677818,206.5,0,0,106.153
71.5166,0,52.5622,0,0,0,298.159,118.365,0,0,10,0,0,0,11.7525,17.2308,0,0,49.561,17.9827,99.9057,0,0,167.909,0,0,106.251
165.387,0,574.132,0,0.154414,0,894.981,0,0.454801,1.88811,19,0,0,4.49494,0,0,0,0,82.145,0.12229,12.1721,0,0,225.151,0,0,106.332
110.304,0,517.309,0,15.4777,2.89663,638.816,0,5.87246,927.951,14,0.189742,26.8445,8.88797,16.4505,65.2372,1.00475,0,83.81,8.22687,16.0827,2.61735,3.18872,91.017,0,0,106.336
90.0314,0,108.072,0,0,0,0,0,0,2.78342,10,0,0,4.04727,0,0,0,0,0,0.558169,3.01565,0,0,0,0,0,106.642
136.573,0,2356.06,0,5.96633,1.64285,798.39,0,0,2.94526,18,0,0.053409,1.7702,0,0,0,0,91.174,7.66031,32.2283,0,0,92.332,0,0,106.681
91.3445,0,2641.22,2.55471,0.838907,0,551.968,0,0,0,14,0,2.28792,2.61175,0.67259,0,0,0,101.155,44.0797,78.8498,0,0,35.606,0,0,106.803
89.2577,0,200.05,0,2.57309,0,0,0,0.935826,0.355337,12,0,2.16642,8.22099,0,0.632192,0,0,0,0,1.27868,0,0,0,0,3.96243,106.966
114.818,0,235.6,0,0,0,0,0,0,0.148679,14,0,0,3.8127,0,1.46226,0,0,0,9.51193,3.58875,0,0,0,0,0,106.999
153.773,0,295.819,0,0,0,0,0,0,2.25916,14,0,0,2.44149,0,0,0,0,0,0,6.94084,0,0,0,0,2.80828,107.069
57.6099,0,479.17,0,1.28441,0,481.368,0,0,0.766748,12,0,0,0.580357,0,0,0,0,70.076,1.91535,8.87297,0,0,145.038,0,0,107.625
125.514,0,14.3929,2.50928,0,0,576.772,102.312,0,0,13,0,0,5.0535,0.093134,19.6617,0,0,35.492,44.2607,129.438,0,0,145.357,0,0,107.745
103.849,0,284.111,0,0,0,0,0,0,0.025487,10,0,0,2.32703,0,1.85847,0,0,0,0.024044,17.5527,0,0,0,0,0,107.778
94.9992,0,845.586,2.91358,4.37594,0.40336,576.45,0,0,0.612221,14,0,1.00452,3.25295,2.89012,0,0,0,126.323,6.95369,16.3445,0,0,111.07,0,0,108.326
120.913,0,351.189,0,0,0,521.301,0,0,1.41422,13,0,0,9.27366,0,0,0,0,34.821,4.30942,0,0,0,220.535,0,0,108.432
160.454,0,625.968,1.44485,0.321434,1.89976,768.374,0,0,1.59904,18,0,0,7.01551,0,0,0,0,94.327,5.37739,6.75354,0,0,181.379,0,0,108.439
134.048,0,4002.89,0.357502,10.2294,0.79501,730.145,0,0.069313,1.03512,18,0,0,7.18914,0,0,0,0,111.083,26.9589,55.8931,0,0,60.586,0,1.18507,108.468
123.489,0,2169.79,0.472932,1.44071,0,582.937,0,0,0.947489,14,0,0,2.93081,0,0,0,0,73.4,12.7261,36.5297,0,0,75.131,0,0.078256,108.478
98.4969,0,306.601,0,0,0,534.98,0,0,6.79462,12,0.551706,0,2.38194,0,0,0,0,63.315,5.37197,6.57224,0,0,161.372,0,0,108.509
142.904,0,400.144,0,0.341319,0.573487,598.209,0,0,0.167075,13,0,0,5.67664,0,0,0,0,34.438,4.2048,10.5719,0,0,193.884,0,0.184831,108.884
113.457,0,4.60421,0,0,0,0,97.6758,0,0.157753,14,0,0.855698,3.78145,28.9592,46.399,0,0,0,29.8021,41.5061,0,0,0,0,0.121429,108.885
117.863,0,917.705,0,0.793517,0,632.283,0,0,1.36744,14,0,0,10.9921,0,0,0,0,88.169,3.05759,13.7953,0,0,151.939,0,2.53392,109.055
111.115,0,2615.69,0,1.44045,0,571.972,1.63929,0,4.76979,14,0,0,5.4134,0,0,0,0,78.389,20.8569,34.3699,0,0,50.45,0,1.01439,109.08
95.7864,0,445.318,0,0,0,460.579,0,0,2.4485,13,0,0,6.43891,0,0,0,0,84.216,2.17326,8.07939,0,0,157.717,0,0,109.304
95.7433,0,1329.33,0,0,0.598339,622.387,0,0,1.93842,13,0,2.58163,3.37123,0,0,0,0,94.056,6.1084,26.2013,0,0,94.41,0,0,109.691
55.483,0,563.725,0,10.5698,0,635.425,0,0,0,13,0,0,2.18192,0,0,0,0.268267,136.897,4.9702,5.82835,0,0,147.515,0,1.63155,109.973
123.893,0,359.578,0,0,0,604.193,0,0,0,14,0,0,8.78979,0,0,0,0,52.048,2.28947,2.15598,0,0,239.151,0,2.44369,110.183
87.1278,0,640.554,0,1.75596,0,480.04,0,0,0,12,0,0,0.683542,0,0,0,0,84.443,1.83042,4.1365,0,0,87.42,0,0,110.566
107.389,0,146.046,0.867213,7.87053,0.745931,589.991,0,11.9417,1600.54,15,0,2.78899,0.580675,407.05,681.871,0,0,105.333,3.1223,8.9627,10.4213,7.19607,70.481,0,1.43805,110.839
96.8145,0,557.727,0,7.98559,0,481.642,0,0.934511,0,13,0,0,2.20639,0,0,0,0,93.869,2.26236,21.2894,0,0,119.233,0,0,110.971
101.337,0,1378.32,0,0.120865,0,550.261,0,0,5.0142,14,0,0,0.988309,0,1.56811,0,0,115.625,6.9051,25.6044,0,0,84.336,0,0,110.978
130.822,0,2072.6,0.952831,2.64636,0,652.558,0.322988,0.055017,2.70034,16,0,0,5.73612,0,0,0,0,90.926,16.0009,33.6912,0.666518,0.915729,91.52,0,0,111.364
106.125,0,603.272,0,0,0,556.704,0,0,0.384267,14,0,0,6.24091,0,0,0,0,83.736,4.14784,7.95919,0,0,131.36,0,0,111.551
109.944,0,1404.36,0,0.233755,0,621.909,0,0,8.60347,14,0,0,3.20701,0,0,0,0,88.689,8.13112,20.1983,0,0,77.914,0,0,111.595
111.396,0,597.797,0,0,0,502.108,0,0,2.54336,13,0,0,1.33402,0,0.055837,0,0,110.95,10.4082,21.3949,0,0,132.182,0,0,111.628
114.69,0,1027.67,0,0,0,545.794,0,1.80279,0.828063,13,0,0,0,0,0,0,0,112.324,1.59229,12.8898,0,0,88.299,0,0,111.635
105.875,0,1424.9,0,9.31895,2.56654,624.19,0,0,0.790136,14,0,0,0,0,0,0,0,83.413,10.8012,34.7406,0,0,68.761,0,0,111.741
106.683,0,213.028,0,4.08378,0,599.451,0,0,8.80261,13,0,0,8.61528,0.413851,0,0,0,33.696,0,11.3871,2.05324,0,149.037,0,0,111.89
146.951,0,154.139,0,2.28727,0,578.848,0,0,0,13,0,0,6.19596,0,1.27405,0,0,24.136,0.18731,3.80534,0,0.482758,266.551,0,1.36048,111.894
83.679,0,773.735,0,1.84899,0.390264,502.98,0,0,0.504317,13,0,0,1.89735,0,0,0,0,60.668,1.55744,6.65383,0,0,142.998,0,0,112.307
127.561,0,1020.56,0,0,4.30208,753.761,0,0,2.19977,14,0,0,4.10322,0,0,0,0,79.022,3.75852,16.881,0,0,117.801,0,0,112.415
120.931,0,1.00824,0,0,0,953.705,0,0,3.2479,20,0,0,0.77313,5.88628,15.9405,0,0,173.917,0,0,279.292,235.611,334.718,0,0,112.969
72.8259,0,490.644,0,0.30806,0,0,0,0,0,10,0,0,6.25019,0,0,0,0,0,6.21594,17.9789,0,0,0,0,0,113.013
75.6129,0,674.751,0.446933,2.61148,0.286717,405.701,0,0,0,10,0,0,4.94509,0,0,0,0,119.208,24.8064,67.2688,0,0,76.711,0,0,113.074
113.91,0,3.17128,0,1.58227,0,569.158,0,0,5.53487,15,0,0,1.68737,7.16621,15.3071,0,0,94.669,0,0.747869,627.557,489.803,116.757,0,1.68892,113.413
99.9317,0,1285.31,0,0.565372,0.062545,534.565,0,0,1.17242,13,0,0,0,0,0,0,0,75.064,9.3073,21.9301,0,0,80.494,0,0,113.725
80.7528,0,573.039,0,0,0,405.669,0,0,3.57646,12,0,0,0.963533,0,0,0,0,89.021,0,7.54842,0,0,150.971,0,0,114.277
112.538,0,7.65914,0,0,0,0,113.217,0,3.44057,14,0,0,2.18185,2.9792,21.4229,0,0,0,7.31416,23.169,0,0,0,0,0,114.457
111.467,0,10.4425,4.2585,0.262566,0,548.253,168.042,0,2.94741,14,0,0,5.92812,33.8543,58.8223,0,0.031214,83.176,31.6407,81.5885,1.83157,0,227.284,1.63808,0,114.538
103.903,0,636.198,0,2.84641,0,493.41,0.447476,0,1.23427,14,0,0,3.86691,0,0,0,0,79.148,2.55281,17.408,0,0,128.578,0,0,114.599
122.672,0,454.569,0,0,0,422.387,0,0,0,14,0,0,8.52155,0,0,0,0,88.172,0.283777,10.5365,0,0,211.244,0,0.785412,114.954
157.067,0,1420.65,0.730148,1.214,0,589.274,0.746743,0,0.03573,14,0,0,2.56584,0,0,0,0,74.347,4.6706,17.7418,0,0,59.593,0,1.28883,114.998
134.261,0,704.15,0,1.41306,0,454.512,0,0,0,12,0,0,7.80826,0,0,0,0,110.166,1.07884,15.9879,0,0,128.907,0,0,115.078
